2025-05-14 19:24:22.347914,Burnley FC,Manchester City FC,Match nul,51.62,1.2 - 0.9,Under 2.5
2025-05-14 19:24:22.700958,Arsenal FC,Nottingham Forest FC,Match nul,51.62,1.3 - 1.3,Over 2.5
2025-05-14 19:24:23.397630,AFC Bournemouth,West Ham United FC,Match nul,51.62,1.3 - 1.3,Over 2.5
2025-05-15 13:05:27.954547,Burnley FC,Manchester City FC,Match nul,66.26,1.1 - 1.2,Under 2.5
2025-05-15 13:05:28.183674,Arsenal FC,Nottingham Forest FC,Match nul,66.26,1.5 - 1.3,Over 2.5
2025-05-15 13:05:28.444197,AFC Bournemouth,West Ham United FC,Match nul,66.26,1.5 - 1.3,Over 2.5
2025-05-15 13:07:31.059802,Manchester United FC,Fulham FC,Match nul,51.62,1.7 - 1.6,Over 2.5
2025-05-15 13:07:31.384425,Ipswich Town FC,Liverpool FC,Match nul,51.62,1.9 - 1.3,Over 2.5
2025-05-15 13:07:31.667773,Arsenal FC,Wolverhampton Wanderers FC,Match nul,51.62,1.9 - 1.9,Over 2.5
2025-05-15 13:56:46.178496,Athletic Club,FC Barcelona,Match nul,49.67,1.5 - 1.0,Over 2.5
2025-05-15 13:56:46.470695,Real Betis BalompiÈ,Valencia CF,Match nul,49.67,1.3 - 0.8,Under 2.5
2025-05-15 13:56:46.823477,CD LeganÈs,Real Valladolid CF,Match nul,49.67,0.9 - 1.4,Under 2.5
2025-05-15 14:05:54.259574,Athletic Club,FC Barcelona,Match nul,100.0,1.2 - 1.4,Over 2.5
2025-05-15 14:05:54.603460,Real Betis BalompiÈ,Valencia CF,Match nul,100.0,1.5 - 0.9,Under 2.5
2025-05-15 14:05:55.085903,CD LeganÈs,Real Valladolid CF,Match nul,100.0,2.0 - 1.5,Over 2.5
2025-05-15 14:05:55.407483,Deportivo AlavÈs,CA Osasuna,Match nul,100.0,1.5 - 1.9,Over 2.5
2025-05-15 14:05:55.815573,Getafe CF,RC Celta de Vigo,Match nul,100.0,1.4 - 1.4,Over 2.5
2025-05-15 14:05:56.102476,Girona FC,Club AtlÈtico de Madrid,Match nul,100.0,2.0 - 1.3,Over 2.5
2025-05-15 14:05:56.509703,Villarreal CF,Sevilla FC,Match nul,100.0,1.2 - 1.0,Under 2.5
2025-05-15 14:05:56.894953,Rayo Vallecano de Madrid,RCD Mallorca,Match nul,100.0,1.3 - 1.1,Under 2.5
2025-05-15 14:05:57.315989,Real Madrid CF,Real Sociedad de F˙tbol,Match nul,100.0,1.4 - 1.0,Under 2.5
2025-05-15 14:05:57.641699,RCD Espanyol de Barcelona,UD Las Palmas,Match nul,100.0,1.6 - 0.9,Over 2.5
2025-05-15 15:14:50.888478,Rayo Vallecano de Madrid,Real Valladolid CF,Match nul,100.0,1.2 - 1.2,Under 2.5
2025-05-15 15:14:51.282030,RC Celta de Vigo,Real Betis BalompiÈ,Match nul,100.0,1.4 - 1.1,Over 2.5
2025-05-15 15:14:51.740877,Athletic Club,Girona FC,Match nul,100.0,1.9 - 0.3,Under 2.5
2025-05-15 15:14:52.777014,UD Las Palmas,Villarreal CF,Match nul,100.0,1.6 - 1.0,Over 2.5
2025-05-15 15:14:53.393178,Real Madrid CF,Club AtlÈtico de Madrid,Match nul,100.0,1.6 - 1.0,Over 2.5
2025-05-15 15:14:54.028305,Deportivo AlavÈs,Getafe CF,Match nul,100.0,1.2 - 1.7,Over 2.5
2025-05-15 15:14:54.425466,Valencia CF,CD LeganÈs,Match nul,100.0,2.1 - 1.1,Over 2.5
2025-05-15 15:14:55.151201,Real Sociedad de F˙tbol,RCD Espanyol de Barcelona,Match nul,100.0,1.8 - 1.0,Over 2.5
2025-05-15 15:14:55.531588,Sevilla FC,FC Barcelona,Match nul,100.0,1.1 - 1.4,Over 2.5
2025-05-15 15:14:55.889371,RCD Mallorca,CA Osasuna,Match nul,100.0,1.1 - 0.7,Under 2.5
2025-05-15 15:19:53.178160,Real Valladolid CF,Girona FC,Match nul,50.0,1.3 - 1.2,Over 2.5
2025-05-15 15:19:53.458685,Real Sociedad de F˙tbol,RC Celta de Vigo,Match nul,50.0,1.3 - 1.1,Under 2.5
2025-05-15 15:19:53.735650,Sevilla FC,UD Las Palmas,Match nul,50.0,1.8 - 1.0,Over 2.5
2025-05-15 15:19:54.052459,Deportivo AlavÈs,Valencia CF,Match nul,50.0,1.7 - 0.6,Under 2.5
2025-05-15 15:19:54.904419,Villarreal CF,CD LeganÈs,Match nul,50.0,1.6 - 1.0,Over 2.5
2025-05-15 15:19:55.242543,Real Madrid CF,RCD Mallorca,Match nul,50.0,1.9 - 1.2,Over 2.5
2025-05-15 15:19:55.598203,CA Osasuna,Club AtlÈtico de Madrid,Match nul,50.0,1.7 - 1.6,Over 2.5
2025-05-15 15:19:55.956906,Rayo Vallecano de Madrid,Real Betis BalompiÈ,Match nul,50.0,1.7 - 1.3,Over 2.5
2025-05-15 15:19:56.363392,Getafe CF,Athletic Club,Match nul,50.0,1.8 - 1.4,Over 2.5
2025-05-15 15:19:56.703001,RCD Espanyol de Barcelona,FC Barcelona,Match nul,50.0,1.6 - 1.5,Over 2.5
2025-05-15 15:27:29.102602,Genoa CFC,Atalanta BC,Match nul,50.0,1.5 - 0.9,Under 2.5
2025-05-15 15:27:29.452027,Cagliari Calcio,Venezia FC,Match nul,50.0,1.9 - 1.2,Over 2.5
2025-05-15 15:27:29.945958,ACF Fiorentina,Bologna FC 1909,Match nul,50.0,1.5 - 1.4,Over 2.5
2025-05-15 15:27:30.498122,Hellas Verona FC,Como 1907,Match nul,50.0,1.3 - 1.2,Over 2.5
2025-05-15 15:27:31.079965,FC Internazionale Milano,SS Lazio,Match nul,50.0,1.7 - 1.1,Over 2.5
2025-05-15 15:27:31.827310,Juventus FC,Udinese Calcio,Match nul,50.0,1.8 - 1.1,Over 2.5
2025-05-15 15:27:32.278184,US Lecce,Torino FC,Match nul,50.0,1.5 - 0.9,Under 2.5
2025-05-15 15:27:32.625225,AC Monza,Empoli FC,Match nul,50.0,1.7 - 1.5,Over 2.5
2025-05-15 15:27:32.954074,Parma Calcio 1913,SSC Napoli,Match nul,50.0,1.7 - 1.4,Over 2.5
2025-05-15 15:27:33.254424,AS Roma,AC Milan,Match nul,50.0,1.6 - 1.1,Over 2.5
2025-05-15 16:47:42.347813,Genoa CFC,Atalanta BC,Match nul,100.0,1.4 - 1.6,Over 2.5
2025-05-15 16:47:42.739176,Cagliari Calcio,Venezia FC,Match nul,100.0,1.6 - 1.0,Over 2.5
2025-05-15 16:47:43.125415,ACF Fiorentina,Bologna FC 1909,Match nul,100.0,2.1 - 1.4,Over 2.5
2025-05-15 16:47:43.684678,Hellas Verona FC,Como 1907,Match nul,100.0,1.2 - 1.9,Over 2.5
2025-05-15 16:47:44.016076,FC Internazionale Milano,SS Lazio,Match nul,100.0,1.1 - 0.8,Under 2.5
2025-05-15 16:47:44.804079,Juventus FC,Udinese Calcio,Match nul,100.0,1.1 - 0.7,Under 2.5
2025-05-15 16:47:45.268253,US Lecce,Torino FC,Match nul,100.0,1.3 - 1.5,Over 2.5
2025-05-15 16:47:45.634765,AC Monza,Empoli FC,Match nul,100.0,1.5 - 0.9,Under 2.5
2025-05-15 16:47:46.206224,Parma Calcio 1913,SSC Napoli,Match nul,100.0,1.5 - 1.2,Over 2.5
2025-05-15 16:47:46.841881,AS Roma,AC Milan,Match nul,100.0,2.2 - 1.0,Over 2.5
2025-05-15 17:36:12.134932,Genoa CFC,Atalanta BC,Match nul,100.0,1.4 - 0.8,Under 2.5
2025-05-15 17:36:12.540964,Cagliari Calcio,Venezia FC,Match nul,100.0,1.2 - 0.9,Under 2.5
2025-05-15 17:36:12.950779,ACF Fiorentina,Bologna FC 1909,Match nul,100.0,1.0 - 0.8,Under 2.5
2025-05-15 17:36:14.054279,Hellas Verona FC,Como 1907,Match nul,100.0,1.7 - 0.9,Over 2.5
2025-05-15 17:36:14.451590,FC Internazionale Milano,SS Lazio,Match nul,100.0,1.1 - 1.1,Under 2.5
2025-05-15 17:36:14.927837,Juventus FC,Udinese Calcio,Match nul,100.0,1.3 - 1.4,Over 2.5
2025-05-15 17:36:15.330121,US Lecce,Torino FC,Match nul,100.0,1.2 - 1.7,Over 2.5
2025-05-15 17:36:15.814451,AC Monza,Empoli FC,Match nul,100.0,1.3 - 1.5,Over 2.5
2025-05-15 17:36:16.214275,Parma Calcio 1913,SSC Napoli,Match nul,100.0,1.2 - 0.8,Under 2.5
2025-05-15 17:36:17.339852,AS Roma,AC Milan,Match nul,100.0,1.6 - 0.4,Under 2.5
2025-05-15 17:41:16.617638,Genoa CFC,Atalanta BC,Match nul,100.0,0.4 - 0.8,Under 2.5
2025-05-15 17:41:17.493885,Cagliari Calcio,Venezia FC,Match nul,100.0,1.8 - 0.9,Over 2.5
2025-05-15 17:41:17.854550,ACF Fiorentina,Bologna FC 1909,Match nul,100.0,1.0 - 1.3,Under 2.5
2025-05-15 17:41:18.718004,Hellas Verona FC,Como 1907,Match nul,100.0,1.6 - 1.5,Over 2.5
2025-05-15 17:41:19.428497,FC Internazionale Milano,SS Lazio,Match nul,100.0,1.5 - 1.0,Over 2.5
2025-05-15 17:41:20.682654,Juventus FC,Udinese Calcio,Match nul,100.0,1.3 - 0.9,Under 2.5
2025-05-15 17:41:21.456212,US Lecce,Torino FC,Match nul,100.0,2.3 - 1.4,Over 2.5
2025-05-15 17:41:23.120636,AC Monza,Empoli FC,Match nul,100.0,1.5 - 1.3,Over 2.5
2025-05-15 17:41:23.461844,Parma Calcio 1913,SSC Napoli,Match nul,100.0,1.2 - 1.2,Under 2.5
2025-05-15 17:41:23.816306,AS Roma,AC Milan,Match nul,100.0,1.1 - 1.4,Over 2.5
2025-05-15 17:57:47.128673,Genoa CFC,Atalanta BC,Match nul,100.0,N/A,N/A
2025-05-15 17:57:48.347975,Cagliari Calcio,Venezia FC,Match nul,100.0,N/A,N/A
2025-05-15 17:57:50.492621,ACF Fiorentina,Bologna FC 1909,Match nul,100.0,N/A,N/A
2025-05-15 17:57:52.478621,Hellas Verona FC,Como 1907,Match nul,100.0,N/A,N/A
2025-05-15 17:57:53.894648,FC Internazionale Milano,SS Lazio,Match nul,100.0,N/A,N/A
2025-05-15 17:57:55.206106,Juventus FC,Udinese Calcio,Match nul,100.0,N/A,N/A
2025-05-15 17:57:55.607694,US Lecce,Torino FC,Match nul,100.0,N/A,N/A
2025-05-15 17:57:55.918952,AC Monza,Empoli FC,Match nul,100.0,N/A,N/A
2025-05-15 17:57:56.536183,Parma Calcio 1913,SSC Napoli,Match nul,100.0,N/A,N/A
2025-05-15 17:57:57.445028,AS Roma,AC Milan,Match nul,100.0,N/A,N/A
2025-05-15 18:06:07.992125,Genoa CFC,Atalanta BC,Match nul,100.0,N/A,N/A
2025-05-15 18:06:08.256076,Cagliari Calcio,Venezia FC,Match nul,100.0,N/A,N/A
2025-05-15 18:06:08.550532,ACF Fiorentina,Bologna FC 1909,Match nul,100.0,N/A,N/A
2025-05-15 18:06:08.873874,Hellas Verona FC,Como 1907,Match nul,100.0,N/A,N/A
2025-05-15 18:06:09.629203,FC Internazionale Milano,SS Lazio,Match nul,100.0,N/A,N/A
2025-05-15 18:06:10.408304,Juventus FC,Udinese Calcio,Match nul,100.0,N/A,N/A
2025-05-15 18:06:11.280103,US Lecce,Torino FC,Match nul,100.0,N/A,N/A
2025-05-15 18:06:11.674872,AC Monza,Empoli FC,Match nul,100.0,N/A,N/A
2025-05-15 18:06:12.020506,Parma Calcio 1913,SSC Napoli,Match nul,100.0,N/A,N/A
2025-05-15 18:06:12.508677,AS Roma,AC Milan,Match nul,100.0,N/A,N/A
2025-05-15 18:54:22.538406,Genoa CFC,Atalanta BC,Match nul,100.0,N/A,N/A
2025-05-15 18:54:22.786526,Cagliari Calcio,Venezia FC,Match nul,100.0,N/A,N/A
2025-05-15 18:54:23.069451,ACF Fiorentina,Bologna FC 1909,Match nul,100.0,N/A,N/A
2025-05-15 18:54:23.451261,Hellas Verona FC,Como 1907,Match nul,100.0,N/A,N/A
2025-05-15 18:54:23.724163,FC Internazionale Milano,SS Lazio,Match nul,100.0,N/A,N/A
2025-05-15 18:54:24.091401,Juventus FC,Udinese Calcio,Match nul,100.0,N/A,N/A
2025-05-15 18:54:24.755904,US Lecce,Torino FC,Match nul,100.0,N/A,N/A
2025-05-15 18:54:25.264452,AC Monza,Empoli FC,Match nul,100.0,N/A,N/A
2025-05-15 18:54:25.707463,Parma Calcio 1913,SSC Napoli,Match nul,100.0,N/A,N/A
2025-05-15 18:54:26.096950,AS Roma,AC Milan,Match nul,100.0,N/A,N/A
2025-05-15 19:09:01.835707,Genoa CFC,Atalanta BC,Match nul,100.0,N/A,N/A
2025-05-15 19:09:02.493248,Cagliari Calcio,Venezia FC,Match nul,100.0,N/A,N/A
2025-05-15 19:09:03.346268,ACF Fiorentina,Bologna FC 1909,Match nul,100.0,N/A,N/A
2025-05-15 19:09:03.776562,Hellas Verona FC,Como 1907,Match nul,100.0,N/A,N/A
2025-05-15 19:09:04.097356,FC Internazionale Milano,SS Lazio,Match nul,100.0,N/A,N/A
2025-05-15 19:09:04.776247,Juventus FC,Udinese Calcio,Match nul,100.0,N/A,N/A
2025-05-15 19:09:05.843657,US Lecce,Torino FC,Match nul,100.0,N/A,N/A
2025-05-15 19:09:06.590177,AC Monza,Empoli FC,Match nul,100.0,N/A,N/A
2025-05-15 19:09:06.963470,Parma Calcio 1913,SSC Napoli,Match nul,100.0,N/A,N/A
2025-05-15 19:09:07.440491,AS Roma,AC Milan,Match nul,100.0,N/A,N/A
2025-05-17 11:31:30.280665,Manchester United FC,Fulham FC,Match nul,100.0,N/A,N/A
2025-05-17 11:31:30.552045,Ipswich Town FC,Liverpool FC,Match nul,100.0,N/A,N/A
2025-05-17 11:31:30.876335,Arsenal FC,Wolverhampton Wanderers FC,Match nul,100.0,N/A,N/A
2025-05-17 11:31:31.381592,Everton FC,Brighton & Hove Albion FC,Match nul,100.0,N/A,N/A
2025-05-17 11:31:32.041721,Newcastle United FC,Southampton FC,Match nul,100.0,N/A,N/A
2025-05-17 11:31:32.805627,Nottingham Forest FC,AFC Bournemouth,Match nul,100.0,N/A,N/A
2025-05-17 11:31:33.449040,West Ham United FC,Aston Villa FC,Match nul,100.0,N/A,N/A
2025-05-17 11:31:34.116054,Brentford FC,Crystal Palace FC,Match nul,100.0,N/A,N/A
2025-05-17 11:31:34.388227,Chelsea FC,Manchester City FC,Match nul,100.0,N/A,N/A
2025-05-17 11:31:34.675789,Leicester City FC,Tottenham Hotspur FC,Match nul,100.0,N/A,N/A
2025-05-17 11:31:34.906483,Brighton & Hove Albion FC,Manchester United FC,Match nul,100.0,N/A,N/A
2025-05-17 11:31:35.248267,Crystal Palace FC,West Ham United FC,Match nul,100.0,N/A,N/A
2025-05-17 11:31:35.490981,Fulham FC,Leicester City FC,Match nul,100.0,N/A,N/A
2025-05-17 11:31:36.929001,Manchester City FC,Ipswich Town FC,Match nul,100.0,N/A,N/A
2025-05-17 11:31:37.217748,Southampton FC,Nottingham Forest FC,Match nul,100.0,N/A,N/A
2025-05-17 11:31:37.554514,Tottenham Hotspur FC,Everton FC,Match nul,100.0,N/A,N/A
2025-05-17 11:31:37.848240,Aston Villa FC,Arsenal FC,Match nul,100.0,N/A,N/A
2025-05-17 11:31:38.091142,AFC Bournemouth,Newcastle United FC,Match nul,100.0,N/A,N/A
2025-05-17 11:31:38.540267,Wolverhampton Wanderers FC,Chelsea FC,Match nul,100.0,N/A,N/A
2025-05-17 11:31:38.993537,Liverpool FC,Brentford FC,Match nul,100.0,N/A,N/A
2025-05-17 11:31:39.401540,Arsenal FC,Brighton & Hove Albion FC,Match nul,100.0,N/A,N/A
2025-05-17 11:31:40.089519,Brentford FC,Southampton FC,Match nul,100.0,N/A,N/A
2025-05-17 11:31:40.518541,Everton FC,AFC Bournemouth,Match nul,100.0,N/A,N/A
2025-05-17 11:31:40.865864,Ipswich Town FC,Fulham FC,Match nul,100.0,N/A,N/A
2025-05-17 11:31:41.215637,Leicester City FC,Aston Villa FC,Match nul,100.0,N/A,N/A
2025-05-17 11:31:41.591846,Nottingham Forest FC,Wolverhampton Wanderers FC,Match nul,100.0,N/A,N/A
2025-05-17 11:31:42.132291,West Ham United FC,Manchester City FC,Match nul,100.0,N/A,N/A
2025-05-17 11:31:42.541268,Chelsea FC,Crystal Palace FC,Match nul,100.0,N/A,N/A
2025-05-17 11:31:42.826735,Newcastle United FC,Tottenham Hotspur FC,Match nul,100.0,N/A,N/A
2025-05-17 11:31:43.085700,Manchester United FC,Liverpool FC,Match nul,100.0,N/A,N/A
2025-05-17 11:31:43.378626,Southampton FC,Manchester United FC,Match nul,100.0,N/A,N/A
2025-05-17 11:31:43.686220,Brighton & Hove Albion FC,Ipswich Town FC,Match nul,100.0,N/A,N/A
2025-05-17 11:31:44.062095,Crystal Palace FC,Leicester City FC,Match nul,100.0,N/A,N/A
2025-05-17 11:31:44.320445,Fulham FC,West Ham United FC,Match nul,100.0,N/A,N/A
2025-05-17 11:31:44.598047,Liverpool FC,Nottingham Forest FC,Match nul,100.0,N/A,N/A
2025-05-17 11:31:44.903165,Manchester City FC,Brentford FC,Match nul,100.0,N/A,N/A
2025-05-17 11:31:45.211642,Aston Villa FC,Everton FC,Match nul,100.0,N/A,N/A
2025-05-17 11:31:45.525861,AFC Bournemouth,Chelsea FC,Match nul,100.0,N/A,N/A
2025-05-17 11:31:45.828220,Tottenham Hotspur FC,Arsenal FC,Match nul,100.0,N/A,N/A
2025-05-17 11:31:46.143237,Wolverhampton Wanderers FC,Newcastle United FC,Match nul,100.0,N/A,N/A
2025-05-17 11:31:46.466838,West Ham United FC,Chelsea FC,Match nul,100.0,N/A,N/A
2025-05-17 11:31:46.808251,Aston Villa FC,Wolverhampton Wanderers FC,Match nul,100.0,N/A,N/A
2025-05-17 11:31:47.207571,Fulham FC,Newcastle United FC,Match nul,100.0,N/A,N/A
2025-05-17 11:31:47.686205,Leicester City FC,Everton FC,Match nul,100.0,N/A,N/A
2025-05-17 11:31:48.212414,Liverpool FC,AFC Bournemouth,Match nul,100.0,N/A,N/A
2025-05-17 11:31:48.832475,Southampton FC,Ipswich Town FC,Match nul,100.0,N/A,N/A
2025-05-17 11:31:49.380592,Tottenham Hotspur FC,Brentford FC,Match nul,100.0,N/A,N/A
2025-05-17 11:31:50.058768,Crystal Palace FC,Manchester United FC,Match nul,100.0,N/A,N/A
2025-05-17 11:31:50.478801,Brighton & Hove Albion FC,Nottingham Forest FC,Match nul,100.0,N/A,N/A
2025-05-17 11:31:50.781170,Manchester City FC,Arsenal FC,Match nul,100.0,N/A,N/A
2025-05-17 11:31:51.165658,Newcastle United FC,Manchester City FC,Match nul,100.0,N/A,N/A
2025-05-17 11:31:51.488595,Arsenal FC,Leicester City FC,Match nul,100.0,N/A,N/A
2025-05-17 11:31:51.797377,Brentford FC,West Ham United FC,Match nul,100.0,N/A,N/A
2025-05-17 11:31:52.040786,Chelsea FC,Brighton & Hove Albion FC,Match nul,100.0,N/A,N/A
2025-05-17 11:31:52.308441,Everton FC,Crystal Palace FC,Match nul,100.0,N/A,N/A
2025-05-17 11:31:52.722066,Nottingham Forest FC,Fulham FC,Match nul,100.0,N/A,N/A
2025-05-17 11:31:53.143550,Wolverhampton Wanderers FC,Liverpool FC,Match nul,100.0,N/A,N/A
2025-05-17 11:31:53.473780,Ipswich Town FC,Aston Villa FC,Match nul,100.0,N/A,N/A
2025-05-17 11:31:53.760205,Manchester United FC,Tottenham Hotspur FC,Match nul,100.0,N/A,N/A
2025-05-17 11:31:54.101930,AFC Bournemouth,Southampton FC,Match nul,100.0,N/A,N/A
2025-05-17 11:31:54.382879,Crystal Palace FC,Liverpool FC,Match nul,100.0,N/A,N/A
2025-05-17 11:31:54.678460,Arsenal FC,Southampton FC,Match nul,100.0,N/A,N/A
2025-05-17 11:31:55.000031,Brentford FC,Wolverhampton Wanderers FC,Match nul,100.0,N/A,N/A
2025-05-17 11:31:55.316583,Leicester City FC,AFC Bournemouth,Match nul,100.0,N/A,N/A
2025-05-17 11:31:55.623691,Manchester City FC,Fulham FC,Match nul,100.0,N/A,N/A
2025-05-17 11:31:55.893642,West Ham United FC,Ipswich Town FC,Match nul,100.0,N/A,N/A
2025-05-17 11:31:56.318494,Everton FC,Newcastle United FC,Match nul,100.0,N/A,N/A
2025-05-17 11:31:56.606955,Aston Villa FC,Manchester United FC,Match nul,100.0,N/A,N/A
2025-05-17 11:31:57.000436,Chelsea FC,Nottingham Forest FC,Match nul,100.0,N/A,N/A
2025-05-17 11:31:57.432348,Brighton & Hove Albion FC,Tottenham Hotspur FC,Match nul,100.0,N/A,N/A
2025-05-17 11:31:57.770562,Tottenham Hotspur FC,West Ham United FC,Match nul,100.0,N/A,N/A
2025-05-17 11:31:58.146982,Fulham FC,Aston Villa FC,Match nul,100.0,N/A,N/A
2025-05-17 11:31:58.692441,Ipswich Town FC,Everton FC,Match nul,100.0,N/A,N/A
2025-05-17 11:31:59.171479,Manchester United FC,Brentford FC,Match nul,100.0,N/A,N/A
2025-05-17 11:31:59.437139,Newcastle United FC,Brighton & Hove Albion FC,Match nul,100.0,N/A,N/A
2025-05-17 11:31:59.689678,Southampton FC,Leicester City FC,Match nul,100.0,N/A,N/A
2025-05-17 11:31:59.957646,AFC Bournemouth,Arsenal FC,Match nul,100.0,N/A,N/A
2025-05-17 11:32:00.371599,Wolverhampton Wanderers FC,Manchester City FC,Match nul,100.0,N/A,N/A
2025-05-17 11:32:00.672759,Liverpool FC,Chelsea FC,Match nul,100.0,N/A,N/A
2025-05-17 11:32:00.947227,Nottingham Forest FC,Crystal Palace FC,Match nul,100.0,N/A,N/A
2025-05-17 11:32:01.239427,Leicester City FC,Nottingham Forest FC,Match nul,100.0,N/A,N/A
2025-05-17 11:32:01.515780,Aston Villa FC,AFC Bournemouth,Match nul,100.0,N/A,N/A
2025-05-17 11:32:01.898319,Brentford FC,Ipswich Town FC,Match nul,100.0,N/A,N/A
2025-05-17 11:32:02.197715,Brighton & Hove Albion FC,Wolverhampton Wanderers FC,Match nul,100.0,N/A,N/A
2025-05-17 11:32:02.538108,Manchester City FC,Southampton FC,Match nul,100.0,N/A,N/A
2025-05-17 11:32:02.943072,Everton FC,Fulham FC,Match nul,100.0,N/A,N/A
2025-05-17 11:32:03.250030,Chelsea FC,Newcastle United FC,Match nul,100.0,N/A,N/A
2025-05-17 11:32:03.538152,Crystal Palace FC,Tottenham Hotspur FC,Match nul,100.0,N/A,N/A
2025-05-17 11:32:03.854021,West Ham United FC,Manchester United FC,Match nul,100.0,N/A,N/A
2025-05-17 11:32:04.754698,Arsenal FC,Liverpool FC,Match nul,100.0,N/A,N/A
2025-05-17 11:32:05.093494,Newcastle United FC,Arsenal FC,Match nul,100.0,N/A,N/A
2025-05-17 11:32:05.349505,AFC Bournemouth,Manchester City FC,Match nul,100.0,N/A,N/A
2025-05-17 11:32:05.669141,Ipswich Town FC,Leicester City FC,Match nul,100.0,N/A,N/A
2025-05-17 11:32:05.960367,Liverpool FC,Brighton & Hove Albion FC,Match nul,100.0,N/A,N/A
2025-05-17 11:32:06.377149,Nottingham Forest FC,West Ham United FC,Match nul,100.0,N/A,N/A
2025-05-17 11:32:06.672342,Southampton FC,Everton FC,Match nul,100.0,N/A,N/A
2025-05-17 11:32:07.000650,Wolverhampton Wanderers FC,Crystal Palace FC,Match nul,100.0,N/A,N/A
2025-05-17 11:32:07.392219,Tottenham Hotspur FC,Aston Villa FC,Match nul,100.0,N/A,N/A
2025-05-17 11:32:07.677892,Manchester United FC,Chelsea FC,Match nul,100.0,N/A,N/A
2025-05-17 11:32:07.953180,Fulham FC,Brentford FC,Match nul,100.0,N/A,N/A
2025-05-17 11:32:08.370846,Brentford FC,AFC Bournemouth,Match nul,100.0,N/A,N/A
2025-05-17 11:32:08.908840,Crystal Palace FC,Fulham FC,Match nul,100.0,N/A,N/A
2025-05-17 11:32:09.374318,West Ham United FC,Everton FC,Match nul,100.0,N/A,N/A
2025-05-17 11:32:09.667900,Wolverhampton Wanderers FC,Southampton FC,Match nul,100.0,N/A,N/A
2025-05-17 11:32:09.965387,Brighton & Hove Albion FC,Manchester City FC,Match nul,100.0,N/A,N/A
2025-05-17 11:32:10.248278,Liverpool FC,Aston Villa FC,Match nul,100.0,N/A,N/A
2025-05-17 11:32:10.521697,Manchester United FC,Leicester City FC,Match nul,100.0,N/A,N/A
2025-05-17 11:32:10.832859,Nottingham Forest FC,Newcastle United FC,Match nul,100.0,N/A,N/A
2025-05-17 11:32:11.178713,Tottenham Hotspur FC,Ipswich Town FC,Match nul,100.0,N/A,N/A
2025-05-17 11:32:11.527696,Chelsea FC,Arsenal FC,Match nul,100.0,N/A,N/A
2025-05-17 11:32:11.803759,Leicester City FC,Chelsea FC,Match nul,100.0,N/A,N/A
2025-05-17 11:32:12.100745,AFC Bournemouth,Brighton & Hove Albion FC,Match nul,100.0,N/A,N/A
2025-05-17 11:32:12.356052,Arsenal FC,Nottingham Forest FC,Match nul,100.0,N/A,N/A
2025-05-17 11:32:12.686663,Aston Villa FC,Crystal Palace FC,Match nul,100.0,N/A,N/A
2025-05-17 11:32:13.009516,Everton FC,Brentford FC,Match nul,100.0,N/A,N/A
2025-05-17 11:32:13.552037,Fulham FC,Wolverhampton Wanderers FC,Match nul,100.0,N/A,N/A
2025-05-17 11:32:14.163062,Manchester City FC,Tottenham Hotspur FC,Match nul,100.0,N/A,N/A
2025-05-17 11:32:14.515633,Southampton FC,Liverpool FC,Match nul,100.0,N/A,N/A
2025-05-17 11:32:14.816216,Ipswich Town FC,Manchester United FC,Match nul,100.0,N/A,N/A
2025-05-17 11:32:15.151275,Newcastle United FC,West Ham United FC,Match nul,100.0,N/A,N/A
2025-05-17 11:32:15.419407,Brighton & Hove Albion FC,Southampton FC,Match nul,100.0,N/A,N/A
2025-05-17 11:32:15.713467,Brentford FC,Leicester City FC,Match nul,100.0,N/A,N/A
2025-05-17 11:32:16.017711,Crystal Palace FC,Newcastle United FC,Match nul,100.0,N/A,N/A
2025-05-17 11:32:16.336760,Nottingham Forest FC,Ipswich Town FC,Match nul,100.0,N/A,N/A
2025-05-17 11:32:16.624556,Wolverhampton Wanderers FC,AFC Bournemouth,Match nul,100.0,N/A,N/A
2025-05-17 11:32:16.914560,West Ham United FC,Arsenal FC,Match nul,100.0,N/A,N/A
2025-05-17 11:32:17.199676,Chelsea FC,Aston Villa FC,Match nul,100.0,N/A,N/A
2025-05-17 11:32:17.560682,Manchester United FC,Everton FC,Match nul,100.0,N/A,N/A
2025-05-17 11:32:18.030541,Tottenham Hotspur FC,Fulham FC,Match nul,100.0,N/A,N/A
2025-05-17 11:32:18.664618,Liverpool FC,Manchester City FC,Match nul,100.0,N/A,N/A
2025-05-17 11:32:19.073984,Ipswich Town FC,Crystal Palace FC,Match nul,100.0,N/A,N/A
2025-05-17 11:32:19.465654,Leicester City FC,West Ham United FC,Match nul,100.0,N/A,N/A
2025-05-17 11:32:19.793250,Everton FC,Wolverhampton Wanderers FC,Match nul,100.0,N/A,N/A
2025-05-17 11:32:20.098844,Manchester City FC,Nottingham Forest FC,Match nul,100.0,N/A,N/A
2025-05-17 11:32:21.623745,Newcastle United FC,Liverpool FC,Match nul,100.0,N/A,N/A
2025-05-17 11:32:21.969993,Southampton FC,Chelsea FC,Match nul,100.0,N/A,N/A
2025-05-17 11:32:22.213626,Arsenal FC,Manchester United FC,Match nul,100.0,N/A,N/A
2025-05-17 11:32:22.535564,Aston Villa FC,Brentford FC,Match nul,100.0,N/A,N/A
2025-05-17 11:32:22.843741,Fulham FC,Brighton & Hove Albion FC,Match nul,100.0,N/A,N/A
2025-05-17 11:32:23.297786,AFC Bournemouth,Tottenham Hotspur FC,Match nul,100.0,N/A,N/A
2025-05-17 11:32:23.692684,Aston Villa FC,Southampton FC,Match nul,100.0,N/A,N/A
2025-05-17 11:32:24.050203,Brentford FC,Newcastle United FC,Match nul,100.0,N/A,N/A
2025-05-17 11:32:24.363385,Crystal Palace FC,Manchester City FC,Match nul,100.0,N/A,N/A
2025-05-17 11:32:24.745237,Manchester United FC,Nottingham Forest FC,Match nul,100.0,N/A,N/A
2025-05-17 11:32:25.235622,Fulham FC,Arsenal FC,Match nul,100.0,N/A,N/A
2025-05-17 11:32:25.853569,Ipswich Town FC,AFC Bournemouth,Match nul,100.0,N/A,N/A
2025-05-17 11:32:26.631269,Leicester City FC,Brighton & Hove Albion FC,Match nul,100.0,N/A,N/A
2025-05-17 11:32:26.876437,Tottenham Hotspur FC,Chelsea FC,Match nul,100.0,N/A,N/A
2025-05-17 11:32:27.134075,West Ham United FC,Wolverhampton Wanderers FC,Match nul,100.0,N/A,N/A
2025-05-17 11:32:27.499709,Arsenal FC,Everton FC,Match nul,100.0,N/A,N/A
2025-05-17 11:32:27.763513,Liverpool FC,Fulham FC,Match nul,100.0,N/A,N/A
2025-05-17 11:32:29.498735,Newcastle United FC,Leicester City FC,Match nul,100.0,N/A,N/A
2025-05-17 11:32:30.078337,Wolverhampton Wanderers FC,Ipswich Town FC,Match nul,100.0,N/A,N/A
2025-05-17 11:32:30.345378,Nottingham Forest FC,Aston Villa FC,Match nul,100.0,N/A,N/A
2025-05-17 11:32:31.224006,Brighton & Hove Albion FC,Crystal Palace FC,Match nul,100.0,N/A,N/A
2025-05-17 11:32:31.525905,Manchester City FC,Manchester United FC,Match nul,100.0,N/A,N/A
2025-05-17 11:32:31.836553,Chelsea FC,Brentford FC,Match nul,100.0,N/A,N/A
2025-05-17 11:32:32.388522,Southampton FC,Tottenham Hotspur FC,Match nul,100.0,N/A,N/A
2025-05-17 11:32:32.848222,AFC Bournemouth,West Ham United FC,Match nul,100.0,N/A,N/A
2025-05-17 11:32:33.129741,Aston Villa FC,Manchester City FC,Match nul,100.0,N/A,N/A
2025-05-17 11:32:33.426729,Brentford FC,Nottingham Forest FC,Match nul,100.0,N/A,N/A
2025-05-17 11:32:33.681578,Ipswich Town FC,Newcastle United FC,Match nul,100.0,N/A,N/A
2025-05-17 11:32:33.972544,West Ham United FC,Brighton & Hove Albion FC,Match nul,100.0,N/A,N/A
2025-05-17 11:32:34.298798,Crystal Palace FC,Arsenal FC,Match nul,100.0,N/A,N/A
2025-05-17 11:32:34.556504,Everton FC,Chelsea FC,Match nul,100.0,N/A,N/A
2025-05-17 11:32:34.837299,Fulham FC,Southampton FC,Match nul,100.0,N/A,N/A
2025-05-17 11:32:35.110431,Leicester City FC,Wolverhampton Wanderers FC,Match nul,100.0,N/A,N/A
2025-05-17 11:32:35.549738,Manchester United FC,AFC Bournemouth,Match nul,100.0,N/A,N/A
2025-05-17 11:32:35.960503,Tottenham Hotspur FC,Liverpool FC,Match nul,100.0,N/A,N/A
2025-05-17 11:32:36.421913,Manchester City FC,Everton FC,Match nul,100.0,N/A,N/A
2025-05-17 11:32:36.774195,AFC Bournemouth,Crystal Palace FC,Match nul,100.0,N/A,N/A
2025-05-17 11:32:37.060745,Chelsea FC,Fulham FC,Match nul,100.0,N/A,N/A
2025-05-17 11:32:37.334033,Newcastle United FC,Aston Villa FC,Match nul,100.0,N/A,N/A
2025-05-17 11:32:37.642996,Nottingham Forest FC,Tottenham Hotspur FC,Match nul,100.0,N/A,N/A
2025-05-17 11:32:37.884225,Southampton FC,West Ham United FC,Match nul,100.0,N/A,N/A
2025-05-17 11:32:38.172214,Wolverhampton Wanderers FC,Manchester United FC,Match nul,100.0,N/A,N/A
2025-05-17 11:32:38.434696,Liverpool FC,Leicester City FC,Match nul,100.0,N/A,N/A
2025-05-17 11:32:38.750787,Brighton & Hove Albion FC,Brentford FC,Match nul,100.0,N/A,N/A
2025-05-17 11:32:39.031257,Arsenal FC,Ipswich Town FC,Match nul,100.0,N/A,N/A
2025-05-17 11:32:39.296613,Leicester City FC,Manchester City FC,Match nul,100.0,N/A,N/A
2025-05-17 11:32:39.594162,Crystal Palace FC,Southampton FC,Match nul,100.0,N/A,N/A
2025-05-17 11:32:39.890924,Everton FC,Nottingham Forest FC,Match nul,100.0,N/A,N/A
2025-05-17 11:32:40.186559,Fulham FC,AFC Bournemouth,Match nul,100.0,N/A,N/A
2025-05-17 11:32:40.452821,Tottenham Hotspur FC,Wolverhampton Wanderers FC,Match nul,100.0,N/A,N/A
2025-05-17 11:32:40.704703,West Ham United FC,Liverpool FC,Match nul,100.0,N/A,N/A
2025-05-17 11:32:41.047730,Aston Villa FC,Brighton & Hove Albion FC,Match nul,100.0,N/A,N/A
2025-05-17 11:32:41.633509,Ipswich Town FC,Chelsea FC,Match nul,100.0,N/A,N/A
2025-05-17 11:32:41.891335,Manchester United FC,Newcastle United FC,Match nul,100.0,N/A,N/A
2025-05-17 11:32:42.208563,Brentford FC,Arsenal FC,Match nul,100.0,N/A,N/A
2025-05-17 11:32:42.528542,Tottenham Hotspur FC,Newcastle United FC,Match nul,100.0,N/A,N/A
2025-05-17 11:32:42.829819,Southampton FC,Brentford FC,Match nul,100.0,N/A,N/A
2025-05-17 11:32:43.119192,Crystal Palace FC,Chelsea FC,Match nul,100.0,N/A,N/A
2025-05-17 11:32:43.397243,AFC Bournemouth,Everton FC,Match nul,100.0,N/A,N/A
2025-05-17 11:32:43.782663,Aston Villa FC,Leicester City FC,Match nul,100.0,N/A,N/A
2025-05-17 11:32:44.078861,Manchester City FC,West Ham United FC,Match nul,100.0,N/A,N/A
2025-05-17 11:32:44.323561,Brighton & Hove Albion FC,Arsenal FC,Match nul,100.0,N/A,N/A
2025-05-17 11:32:44.579543,Fulham FC,Ipswich Town FC,Match nul,100.0,N/A,N/A
2025-05-17 11:32:44.856127,Liverpool FC,Manchester United FC,Match nul,100.0,N/A,N/A
2025-05-17 11:32:45.144092,Wolverhampton Wanderers FC,Nottingham Forest FC,Match nul,100.0,N/A,N/A
2025-05-17 11:32:45.483876,West Ham United FC,Fulham FC,Match nul,100.0,N/A,N/A
2025-05-17 11:32:45.745088,Brentford FC,Manchester City FC,Match nul,100.0,N/A,N/A
2025-05-17 11:32:46.016262,Chelsea FC,AFC Bournemouth,Match nul,100.0,N/A,N/A
2025-05-17 11:32:46.283879,Nottingham Forest FC,Liverpool FC,Match nul,100.0,N/A,N/A
2025-05-17 11:32:46.557443,Everton FC,Aston Villa FC,Match nul,100.0,N/A,N/A
2025-05-17 11:32:46.812561,Leicester City FC,Crystal Palace FC,Match nul,100.0,N/A,N/A
2025-05-17 11:32:47.101411,Newcastle United FC,Wolverhampton Wanderers FC,Match nul,100.0,N/A,N/A
2025-05-17 11:32:47.380552,Arsenal FC,Tottenham Hotspur FC,Match nul,100.0,N/A,N/A
2025-05-17 11:32:47.677982,Ipswich Town FC,Brighton & Hove Albion FC,Match nul,100.0,N/A,N/A
2025-05-17 11:32:47.909098,Manchester United FC,Southampton FC,Match nul,100.0,N/A,N/A
2025-05-17 11:32:48.155120,Newcastle United FC,AFC Bournemouth,Match nul,100.0,N/A,N/A
2025-05-17 11:32:48.548422,West Ham United FC,Crystal Palace FC,Match nul,100.0,N/A,N/A
2025-05-17 11:32:48.823580,Leicester City FC,Fulham FC,Match nul,100.0,N/A,N/A
2025-05-17 11:32:49.220572,Brentford FC,Liverpool FC,Match nul,100.0,N/A,N/A
2025-05-17 11:32:49.762908,Arsenal FC,Aston Villa FC,Match nul,100.0,N/A,N/A
2025-05-17 11:32:50.068640,Manchester United FC,Brighton & Hove Albion FC,Match nul,100.0,N/A,N/A
2025-05-17 11:32:50.326577,Nottingham Forest FC,Southampton FC,Match nul,100.0,N/A,N/A
2025-05-17 11:32:50.594316,Everton FC,Tottenham Hotspur FC,Match nul,100.0,N/A,N/A
2025-05-17 11:32:50.885168,Ipswich Town FC,Manchester City FC,Match nul,100.0,N/A,N/A
2025-05-17 11:32:51.212253,Chelsea FC,Wolverhampton Wanderers FC,Match nul,100.0,N/A,N/A
2025-05-17 11:32:51.570787,Liverpool FC,Ipswich Town FC,Match nul,100.0,N/A,N/A
2025-05-17 11:32:51.941624,Wolverhampton Wanderers FC,Arsenal FC,Match nul,100.0,N/A,N/A
2025-05-17 11:32:52.235758,Brighton & Hove Albion FC,Everton FC,Match nul,100.0,N/A,N/A
2025-05-17 11:32:52.529690,Southampton FC,Newcastle United FC,Match nul,100.0,N/A,N/A
2025-05-17 11:32:52.778171,AFC Bournemouth,Nottingham Forest FC,Match nul,100.0,N/A,N/A
2025-05-17 11:32:53.031288,Manchester City FC,Chelsea FC,Match nul,100.0,N/A,N/A
2025-05-17 11:32:53.348862,Crystal Palace FC,Brentford FC,Match nul,100.0,N/A,N/A
2025-05-17 11:32:53.814866,Tottenham Hotspur FC,Leicester City FC,Match nul,100.0,N/A,N/A
2025-05-17 11:32:54.174564,Aston Villa FC,West Ham United FC,Match nul,100.0,N/A,N/A
2025-05-17 11:32:54.535001,Fulham FC,Manchester United FC,Match nul,100.0,N/A,N/A
2025-05-17 11:32:54.800221,Nottingham Forest FC,Brighton & Hove Albion FC,Match nul,100.0,N/A,N/A
2025-05-17 11:32:55.119173,Newcastle United FC,Fulham FC,Match nul,100.0,N/A,N/A
2025-05-17 11:32:55.471221,Everton FC,Leicester City FC,Match nul,100.0,N/A,N/A
2025-05-17 11:32:55.759620,AFC Bournemouth,Liverpool FC,Match nul,100.0,N/A,N/A
2025-05-17 11:32:56.059119,Ipswich Town FC,Southampton FC,Match nul,100.0,N/A,N/A
2025-05-17 11:32:56.334334,Wolverhampton Wanderers FC,Aston Villa FC,Match nul,100.0,N/A,N/A
2025-05-17 11:32:56.848165,Manchester United FC,Crystal Palace FC,Match nul,100.0,N/A,N/A
2025-05-17 11:36:22.355979,Manchester United FC,Fulham FC,Match nul,100.0,N/A,N/A
2025-05-17 11:36:22.685655,Ipswich Town FC,Liverpool FC,Match nul,100.0,N/A,N/A
2025-05-17 11:36:23.002129,Arsenal FC,Wolverhampton Wanderers FC,Match nul,100.0,N/A,N/A
2025-05-17 11:36:23.352501,Everton FC,Brighton & Hove Albion FC,Match nul,100.0,N/A,N/A
2025-05-17 11:36:23.722855,Newcastle United FC,Southampton FC,Match nul,100.0,N/A,N/A
2025-05-17 11:36:24.078855,Nottingham Forest FC,AFC Bournemouth,Match nul,100.0,N/A,N/A
2025-05-17 11:36:24.513564,West Ham United FC,Aston Villa FC,Match nul,100.0,N/A,N/A
2025-05-17 11:36:24.928733,Brentford FC,Crystal Palace FC,Match nul,100.0,N/A,N/A
2025-05-17 11:36:25.322731,Chelsea FC,Manchester City FC,Match nul,100.0,N/A,N/A
2025-05-17 11:36:25.607705,Leicester City FC,Tottenham Hotspur FC,Match nul,100.0,N/A,N/A
2025-05-17 11:36:25.942702,Brighton & Hove Albion FC,Manchester United FC,Match nul,100.0,N/A,N/A
2025-05-17 11:36:26.287751,Crystal Palace FC,West Ham United FC,Match nul,100.0,N/A,N/A
2025-05-17 11:36:26.542335,Fulham FC,Leicester City FC,Match nul,100.0,N/A,N/A
2025-05-17 11:36:26.862913,Manchester City FC,Ipswich Town FC,Match nul,100.0,N/A,N/A
2025-05-17 11:36:27.216879,Southampton FC,Nottingham Forest FC,Match nul,100.0,N/A,N/A
2025-05-17 11:36:27.539024,Tottenham Hotspur FC,Everton FC,Match nul,100.0,N/A,N/A
2025-05-17 11:36:27.831551,Aston Villa FC,Arsenal FC,Match nul,100.0,N/A,N/A
2025-05-17 11:36:28.120847,AFC Bournemouth,Newcastle United FC,Match nul,100.0,N/A,N/A
2025-05-17 11:36:28.410243,Wolverhampton Wanderers FC,Chelsea FC,Match nul,100.0,N/A,N/A
2025-05-17 11:36:28.699915,Liverpool FC,Brentford FC,Match nul,100.0,N/A,N/A
2025-05-17 11:36:29.044613,Arsenal FC,Brighton & Hove Albion FC,Match nul,100.0,N/A,N/A
2025-05-17 11:36:29.294709,Brentford FC,Southampton FC,Match nul,100.0,N/A,N/A
2025-05-17 11:36:29.584116,Everton FC,AFC Bournemouth,Match nul,100.0,N/A,N/A
2025-05-17 11:36:29.948896,Ipswich Town FC,Fulham FC,Match nul,100.0,N/A,N/A
2025-05-17 11:36:30.279029,Leicester City FC,Aston Villa FC,Match nul,100.0,N/A,N/A
2025-05-17 11:36:30.540748,Nottingham Forest FC,Wolverhampton Wanderers FC,Match nul,100.0,N/A,N/A
2025-05-17 11:36:30.863277,West Ham United FC,Manchester City FC,Match nul,100.0,N/A,N/A
2025-05-17 11:36:31.152520,Chelsea FC,Crystal Palace FC,Match nul,100.0,N/A,N/A
2025-05-17 11:36:31.451565,Newcastle United FC,Tottenham Hotspur FC,Match nul,100.0,N/A,N/A
2025-05-17 11:36:32.040022,Manchester United FC,Liverpool FC,Match nul,100.0,N/A,N/A
2025-05-17 11:36:33.289123,Southampton FC,Manchester United FC,Match nul,100.0,N/A,N/A
2025-05-17 11:36:33.545566,Brighton & Hove Albion FC,Ipswich Town FC,Match nul,100.0,N/A,N/A
2025-05-17 11:36:33.828714,Crystal Palace FC,Leicester City FC,Match nul,100.0,N/A,N/A
2025-05-17 11:36:34.187974,Fulham FC,West Ham United FC,Match nul,100.0,N/A,N/A
2025-05-17 11:36:34.491760,Liverpool FC,Nottingham Forest FC,Match nul,100.0,N/A,N/A
2025-05-17 11:36:34.810706,Manchester City FC,Brentford FC,Match nul,100.0,N/A,N/A
2025-05-17 11:36:35.115895,Aston Villa FC,Everton FC,Match nul,100.0,N/A,N/A
2025-05-17 11:36:35.373883,AFC Bournemouth,Chelsea FC,Match nul,100.0,N/A,N/A
2025-05-17 11:36:35.680346,Tottenham Hotspur FC,Arsenal FC,Match nul,100.0,N/A,N/A
2025-05-17 11:36:35.957085,Wolverhampton Wanderers FC,Newcastle United FC,Match nul,100.0,N/A,N/A
2025-05-17 11:36:36.262434,West Ham United FC,Chelsea FC,Match nul,100.0,N/A,N/A
2025-05-17 11:36:36.538421,Aston Villa FC,Wolverhampton Wanderers FC,Match nul,100.0,N/A,N/A
2025-05-17 11:36:36.826974,Fulham FC,Newcastle United FC,Match nul,100.0,N/A,N/A
2025-05-17 11:36:37.203735,Leicester City FC,Everton FC,Match nul,100.0,N/A,N/A
2025-05-17 11:36:37.562599,Liverpool FC,AFC Bournemouth,Match nul,100.0,N/A,N/A
2025-05-17 11:36:37.923422,Southampton FC,Ipswich Town FC,Match nul,100.0,N/A,N/A
2025-05-17 11:36:38.330204,Tottenham Hotspur FC,Brentford FC,Match nul,100.0,N/A,N/A
2025-05-17 11:36:38.740451,Crystal Palace FC,Manchester United FC,Match nul,100.0,N/A,N/A
2025-05-17 11:36:39.138157,Brighton & Hove Albion FC,Nottingham Forest FC,Match nul,100.0,N/A,N/A
2025-05-17 11:36:39.495324,Manchester City FC,Arsenal FC,Match nul,100.0,N/A,N/A
2025-05-17 11:36:39.891877,Newcastle United FC,Manchester City FC,Match nul,100.0,N/A,N/A
2025-05-17 11:36:40.265612,Arsenal FC,Leicester City FC,Match nul,100.0,N/A,N/A
2025-05-17 11:36:40.577785,Brentford FC,West Ham United FC,Match nul,100.0,N/A,N/A
2025-05-17 11:36:40.868528,Chelsea FC,Brighton & Hove Albion FC,Match nul,100.0,N/A,N/A
2025-05-17 11:36:41.121719,Everton FC,Crystal Palace FC,Match nul,100.0,N/A,N/A
2025-05-17 11:36:41.515613,Nottingham Forest FC,Fulham FC,Match nul,100.0,N/A,N/A
2025-05-17 11:36:42.073681,Wolverhampton Wanderers FC,Liverpool FC,Match nul,100.0,N/A,N/A
2025-05-17 11:36:42.403985,Ipswich Town FC,Aston Villa FC,Match nul,100.0,N/A,N/A
2025-05-17 11:36:42.699520,Manchester United FC,Tottenham Hotspur FC,Match nul,100.0,N/A,N/A
2025-05-17 11:36:42.989871,AFC Bournemouth,Southampton FC,Match nul,100.0,N/A,N/A
2025-05-17 11:36:43.379359,Crystal Palace FC,Liverpool FC,Match nul,100.0,N/A,N/A
2025-05-17 11:36:43.690392,Arsenal FC,Southampton FC,Match nul,100.0,N/A,N/A
2025-05-17 11:36:44.135968,Brentford FC,Wolverhampton Wanderers FC,Match nul,100.0,N/A,N/A
2025-05-17 11:36:44.512100,Leicester City FC,AFC Bournemouth,Match nul,100.0,N/A,N/A
2025-05-17 11:36:44.871650,Manchester City FC,Fulham FC,Match nul,100.0,N/A,N/A
2025-05-17 11:36:45.180385,West Ham United FC,Ipswich Town FC,Match nul,100.0,N/A,N/A
2025-05-17 11:36:45.438448,Everton FC,Newcastle United FC,Match nul,100.0,N/A,N/A
2025-05-17 11:36:45.695659,Aston Villa FC,Manchester United FC,Match nul,100.0,N/A,N/A
2025-05-17 11:36:45.986011,Chelsea FC,Nottingham Forest FC,Match nul,100.0,N/A,N/A
2025-05-17 11:36:46.284459,Brighton & Hove Albion FC,Tottenham Hotspur FC,Match nul,100.0,N/A,N/A
2025-05-17 11:36:46.991876,Tottenham Hotspur FC,West Ham United FC,Match nul,100.0,N/A,N/A
2025-05-17 11:36:47.549104,Fulham FC,Aston Villa FC,Match nul,100.0,N/A,N/A
2025-05-17 11:36:48.018021,Ipswich Town FC,Everton FC,Match nul,100.0,N/A,N/A
2025-05-17 11:36:48.366709,Manchester United FC,Brentford FC,Match nul,100.0,N/A,N/A
2025-05-17 11:36:48.801192,Newcastle United FC,Brighton & Hove Albion FC,Match nul,100.0,N/A,N/A
2025-05-17 11:36:49.156944,Southampton FC,Leicester City FC,Match nul,100.0,N/A,N/A
2025-05-17 11:36:49.517350,AFC Bournemouth,Arsenal FC,Match nul,100.0,N/A,N/A
2025-05-17 11:36:49.898471,Wolverhampton Wanderers FC,Manchester City FC,Match nul,100.0,N/A,N/A
2025-05-17 11:36:50.230839,Liverpool FC,Chelsea FC,Match nul,100.0,N/A,N/A
2025-05-17 11:36:50.627440,Nottingham Forest FC,Crystal Palace FC,Match nul,100.0,N/A,N/A
2025-05-17 11:36:51.016612,Leicester City FC,Nottingham Forest FC,Match nul,100.0,N/A,N/A
2025-05-17 11:36:51.291327,Aston Villa FC,AFC Bournemouth,Match nul,100.0,N/A,N/A
2025-05-17 11:36:51.611418,Brentford FC,Ipswich Town FC,Match nul,100.0,N/A,N/A
2025-05-17 11:36:51.873953,Brighton & Hove Albion FC,Wolverhampton Wanderers FC,Match nul,100.0,N/A,N/A
2025-05-17 11:36:53.287757,Manchester City FC,Southampton FC,Match nul,100.0,N/A,N/A
2025-05-17 11:36:53.686711,Everton FC,Fulham FC,Match nul,100.0,N/A,N/A
2025-05-17 11:36:53.955714,Chelsea FC,Newcastle United FC,Match nul,100.0,N/A,N/A
2025-05-17 11:36:54.225249,Crystal Palace FC,Tottenham Hotspur FC,Match nul,100.0,N/A,N/A
2025-05-17 11:36:54.551126,West Ham United FC,Manchester United FC,Match nul,100.0,N/A,N/A
2025-05-17 11:59:36.467175,Atalanta BC,Parma Calcio 1913,Match nul,100.0,N/A,N/A
2025-05-17 11:59:36.758420,Bologna FC 1909,Genoa CFC,Match nul,100.0,N/A,N/A
2025-05-17 11:59:37.061237,Como 1907,FC Internazionale Milano,Match nul,100.0,N/A,N/A
2025-05-17 11:59:37.585635,Empoli FC,Hellas Verona FC,Match nul,100.0,N/A,N/A
2025-05-17 11:59:37.922786,SS Lazio,US Lecce,Match nul,100.0,N/A,N/A
2025-05-17 11:59:38.313508,AC Milan,AC Monza,Match nul,100.0,N/A,N/A
2025-05-17 11:59:38.641049,SSC Napoli,Cagliari Calcio,Match nul,100.0,N/A,N/A
2025-05-17 11:59:38.922631,Torino FC,AS Roma,Match nul,100.0,N/A,N/A
2025-05-17 11:59:39.206035,Udinese Calcio,ACF Fiorentina,Match nul,100.0,N/A,N/A
2025-05-17 11:59:39.492797,Venezia FC,Juventus FC,Match nul,100.0,N/A,N/A
2025-05-17 12:05:00.549002,Club AtlÈtico de Madrid,Real Betis BalompiÈ,Match nul,100.0,N/A,N/A
2025-05-17 12:05:00.832332,RC Celta de Vigo,Rayo Vallecano de Madrid,Match nul,100.0,N/A,N/A
2025-05-17 12:05:01.137952,FC Barcelona,Villarreal CF,Match nul,100.0,N/A,N/A
2025-05-17 12:05:01.484397,Sevilla FC,Real Madrid CF,Match nul,100.0,N/A,N/A
2025-05-17 12:05:01.800632,Valencia CF,Athletic Club,Match nul,100.0,N/A,N/A
2025-05-17 12:05:02.353847,RCD Mallorca,Getafe CF,Match nul,100.0,N/A,N/A
2025-05-17 12:05:02.851202,Real Sociedad de F˙tbol,Girona FC,Match nul,100.0,N/A,N/A
2025-05-17 12:05:03.316238,Real Valladolid CF,Deportivo AlavÈs,Match nul,100.0,N/A,N/A
2025-05-17 12:05:03.752157,UD Las Palmas,CD LeganÈs,Match nul,100.0,N/A,N/A
2025-05-17 12:05:04.268741,CA Osasuna,RCD Espanyol de Barcelona,Match nul,100.0,N/A,N/A
2025-05-17 12:19:49.753982,Club AtlÈtico de Madrid,Real Betis BalompiÈ,Victoire domicile,46.5,N/A,N/A
2025-05-17 12:19:50.056606,RC Celta de Vigo,Rayo Vallecano de Madrid,Victoire domicile,47.4,N/A,N/A
2025-05-17 12:19:50.463955,FC Barcelona,Villarreal CF,Victoire domicile,38.8,N/A,N/A
2025-05-17 12:19:50.761145,Sevilla FC,Real Madrid CF,Victoire domicile,38.8,N/A,N/A
2025-05-17 12:19:51.116034,Valencia CF,Athletic Club,Victoire extÈrieur,44.2,N/A,N/A
2025-05-17 12:19:51.423620,RCD Mallorca,Getafe CF,Victoire domicile,56.2,N/A,N/A
2025-05-17 12:19:51.783532,Real Sociedad de F˙tbol,Girona FC,Victoire domicile,56.2,N/A,N/A
2025-05-17 12:19:52.170072,Real Valladolid CF,Deportivo AlavÈs,Victoire domicile,44.0,N/A,N/A
2025-05-17 12:19:52.535020,UD Las Palmas,CD LeganÈs,Victoire domicile,58.6,N/A,N/A
2025-05-17 12:19:52.903667,CA Osasuna,RCD Espanyol de Barcelona,Victoire domicile,57.4,N/A,N/A
2025-05-17 12:27:39.685264,Club AtlÈtico de Madrid,Real Betis BalompiÈ,Victoire domicile,45.0,2-1,Over 2.5
2025-05-17 12:27:40.059752,RC Celta de Vigo,Rayo Vallecano de Madrid,Victoire domicile,46.4,2-1,Over 2.5
2025-05-17 12:27:40.479487,FC Barcelona,Villarreal CF,Victoire domicile,39.4,2-1,Over 2.5
2025-05-17 12:27:40.759337,Sevilla FC,Real Madrid CF,Victoire domicile,38.9,2-1,Over 2.5
2025-05-17 12:27:41.074137,Valencia CF,Athletic Club,Victoire extÈrieur,44.3,1-2,Over 2.5
2025-05-17 12:27:41.430718,RCD Mallorca,Getafe CF,Victoire domicile,55.4,2-1,Over 2.5
2025-05-17 12:27:41.747681,Real Sociedad de F˙tbol,Girona FC,Victoire domicile,55.4,2-1,Over 2.5
2025-05-17 12:27:42.258459,Real Valladolid CF,Deportivo AlavÈs,Victoire domicile,38.9,2-1,Over 2.5
2025-05-17 12:27:42.616668,UD Las Palmas,CD LeganÈs,Victoire domicile,55.9,2-1,Over 2.5
2025-05-17 12:27:43.068033,CA Osasuna,RCD Espanyol de Barcelona,Victoire domicile,54.5,2-1,Over 2.5
2025-05-17 12:42:49.500622,1. FSV Mainz 05,Bayer 04 Leverkusen,Victoire extÈrieur,39.3,1-2,Over 2.5
2025-05-17 12:42:49.783633,RB Leipzig,VfB Stuttgart,Victoire domicile,57.7,2-1,Over 2.5
2025-05-17 12:42:50.104822,TSG 1899 Hoffenheim,FC Bayern M¸nchen,Victoire extÈrieur,79.5,1-2,Over 2.5
2025-05-17 12:42:50.380714,SC Freiburg,Eintracht Frankfurt,Victoire domicile,54.7,2-1,Over 2.5
2025-05-17 12:42:50.764070,1. FC Heidenheim 1846,SV Werder Bremen,Victoire extÈrieur,49.0,1-2,Over 2.5
2025-05-17 12:42:51.091765,Borussia Mˆnchengladbach,VfL Wolfsburg,Victoire domicile,38.3,2-1,Over 2.5
2025-05-17 12:42:51.579071,FC Augsburg,1. FC Union Berlin,Victoire domicile,54.1,2-1,Over 2.5
2025-05-17 12:42:51.994572,FC St. Pauli 1910,VfL Bochum 1848,Victoire domicile,55.3,2-1,Over 2.5
2025-05-17 12:42:52.378084,Borussia Dortmund,Holstein Kiel,Victoire domicile,67.8,2-1,Over 2.5
2025-05-17 12:42:52.686388,Olympique de Marseille,Stade Rennais FC 1901,Victoire domicile,66.8,2-1,Over 2.5
2025-05-17 12:42:53.001061,Olympique Lyonnais,Angers SCO,Victoire domicile,55.3,2-1,Over 2.5
2025-05-17 12:42:53.329836,OGC Nice,Stade Brestois 29,Victoire domicile,66.8,2-1,Over 2.5
2025-05-17 12:42:53.672831,AS Saint-…tienne,Toulouse FC,Victoire domicile,57.7,2-1,Over 2.5
2025-05-17 12:42:53.989342,Lille OSC,Stade de Reims,Victoire domicile,57.7,2-1,Over 2.5
2025-05-17 12:42:54.294845,RC Strasbourg Alsace,Le Havre AC,Victoire domicile,57.7,2-1,Over 2.5
2025-05-17 12:42:54.633228,FC Nantes,Montpellier HSC,Victoire domicile,76.3,2-1,Over 2.5
2025-05-17 12:42:54.937280,Racing Club de Lens,AS Monaco FC,Victoire extÈrieur,40.9,1-2,Over 2.5
2025-05-17 12:42:55.229231,Paris Saint-Germain FC,AJ Auxerre,Victoire extÈrieur,39.3,1-2,Over 2.5
2025-05-17 13:02:29.105520,1. FSV Mainz 05,Bayer 04 Leverkusen,Victoire extÈrieur,41.9,1-2,Over 2.5
2025-05-17 13:02:29.383672,RB Leipzig,VfB Stuttgart,Victoire domicile,58.9,2-1,Over 2.5
2025-05-17 13:02:30.689465,TSG 1899 Hoffenheim,FC Bayern M¸nchen,Victoire extÈrieur,80.0,1-2,Over 2.5
2025-05-17 13:02:30.990865,SC Freiburg,Eintracht Frankfurt,Victoire domicile,48.0,2-1,Over 2.5
2025-05-17 13:02:31.304291,1. FC Heidenheim 1846,SV Werder Bremen,Victoire extÈrieur,51.6,1-2,Over 2.5
2025-05-17 13:02:31.618885,Borussia Mˆnchengladbach,VfL Wolfsburg,Victoire domicile,38.1,2-1,Over 2.5
2025-05-17 13:02:31.959538,FC Augsburg,1. FC Union Berlin,Victoire domicile,49.9,2-1,Over 2.5
2025-05-17 13:02:32.250589,FC St. Pauli 1910,VfL Bochum 1848,Victoire domicile,54.4,2-1,Over 2.5
2025-05-17 13:02:32.574295,Borussia Dortmund,Holstein Kiel,Victoire domicile,66.7,2-1,Over 2.5
2025-05-17 13:02:32.883575,Olympique de Marseille,Stade Rennais FC 1901,Victoire domicile,59.8,2-1,Over 2.5
2025-05-17 13:02:33.160211,Olympique Lyonnais,Angers SCO,Victoire domicile,54.4,2-1,Over 2.5
2025-05-17 13:02:33.474973,OGC Nice,Stade Brestois 29,Victoire domicile,67.2,2-1,Over 2.5
2025-05-17 13:02:33.829400,AS Saint-…tienne,Toulouse FC,Victoire domicile,58.9,2-1,Over 2.5
2025-05-17 13:02:34.156266,Lille OSC,Stade de Reims,Victoire domicile,58.9,2-1,Over 2.5
2025-05-17 13:02:34.663446,RC Strasbourg Alsace,Le Havre AC,Victoire domicile,60.2,2-1,Over 2.5
2025-05-17 13:02:35.262358,FC Nantes,Montpellier HSC,Victoire domicile,67.2,2-1,Over 2.5
2025-05-17 13:02:36.249338,Racing Club de Lens,AS Monaco FC,Victoire extÈrieur,44.8,1-2,Over 2.5
2025-05-17 13:02:36.802450,Paris Saint-Germain FC,AJ Auxerre,Victoire extÈrieur,39.1,1-2,Over 2.5
2025-05-17 13:13:21.414295,1. FSV Mainz 05,Bayer 04 Leverkusen,Victoire extÈrieur,41.3,1-2,Over 2.5
2025-05-17 13:13:21.883293,RB Leipzig,VfB Stuttgart,Victoire domicile,56.2,2-1,Over 2.5
2025-05-17 13:13:22.272375,TSG 1899 Hoffenheim,FC Bayern M¸nchen,Victoire extÈrieur,79.7,1-2,Over 2.5
2025-05-17 13:13:22.640454,SC Freiburg,Eintracht Frankfurt,Victoire domicile,55.6,2-1,Over 2.5
2025-05-17 13:13:23.149031,1. FC Heidenheim 1846,SV Werder Bremen,Victoire extÈrieur,50.7,1-2,Over 2.5
2025-05-17 13:13:23.700343,Borussia Mˆnchengladbach,VfL Wolfsburg,Victoire domicile,38.8,2-1,Over 2.5
2025-05-17 13:13:24.201464,FC Augsburg,1. FC Union Berlin,Victoire domicile,53.7,2-1,Over 2.5
2025-05-17 13:13:24.564707,FC St. Pauli 1910,VfL Bochum 1848,Victoire domicile,53.0,2-1,Over 2.5
2025-05-17 13:13:24.965943,Borussia Dortmund,Holstein Kiel,Victoire domicile,66.1,2-1,Over 2.5
2025-05-17 13:13:25.362561,Olympique de Marseille,Stade Rennais FC 1901,Victoire domicile,66.1,2-1,Over 2.5
2025-05-17 13:13:25.776432,Olympique Lyonnais,Angers SCO,Victoire domicile,57.4,2-1,Over 2.5
2025-05-17 13:13:26.174754,OGC Nice,Stade Brestois 29,Victoire domicile,66.1,2-1,Over 2.5
2025-05-17 13:13:26.536036,AS Saint-…tienne,Toulouse FC,Victoire domicile,57.4,2-1,Over 2.5
2025-05-17 13:13:26.991657,Lille OSC,Stade de Reims,Victoire domicile,57.4,2-1,Over 2.5
2025-05-17 13:13:27.517353,RC Strasbourg Alsace,Le Havre AC,Victoire domicile,57.4,2-1,Over 2.5
2025-05-17 13:13:28.901526,FC Nantes,Montpellier HSC,Victoire domicile,83.8,2-1,Over 2.5
2025-05-17 13:13:29.355650,Racing Club de Lens,AS Monaco FC,Victoire extÈrieur,42.3,1-2,Over 2.5
2025-05-17 13:13:29.726717,Paris Saint-Germain FC,AJ Auxerre,Victoire extÈrieur,46.9,1-2,Over 2.5
2025-05-17 16:03:25.287457,1. FSV Mainz 05,Bayer 04 Leverkusen,Victoire domicile,71.9,2-1,Over 2.5
2025-05-17 16:03:26.146531,RB Leipzig,VfB Stuttgart,Match nul,72.0,1-1,Under 2.5
2025-05-17 16:03:27.147750,TSG 1899 Hoffenheim,FC Bayern M¸nchen,Victoire extÈrieur,100.0,1-2,Over 2.5
2025-05-17 16:03:28.811765,SC Freiburg,Eintracht Frankfurt,Victoire extÈrieur,100.0,1-2,Over 2.5
2025-05-17 16:03:29.792451,1. FC Heidenheim 1846,SV Werder Bremen,Victoire extÈrieur,53.8,1-2,Over 2.5
2025-05-17 16:03:30.543068,Borussia Mˆnchengladbach,VfL Wolfsburg,Victoire extÈrieur,100.0,1-2,Over 2.5
2025-05-17 16:03:31.250379,FC Augsburg,1. FC Union Berlin,Victoire domicile,63.5,2-1,Over 2.5
2025-05-17 16:03:31.915252,FC St. Pauli 1910,VfL Bochum 1848,Victoire extÈrieur,100.0,1-2,Over 2.5
2025-05-17 16:03:32.806979,Borussia Dortmund,Holstein Kiel,Victoire domicile,81.7,2-1,Over 2.5
2025-05-17 16:03:33.577063,Olympique de Marseille,Stade Rennais FC 1901,Victoire domicile,100.0,2-1,Over 2.5
2025-05-17 16:03:34.490830,Olympique Lyonnais,Angers SCO,Victoire domicile,86.2,2-1,Over 2.5
2025-05-17 16:03:35.218298,OGC Nice,Stade Brestois 29,Victoire domicile,100.0,2-1,Over 2.5
2025-05-17 16:03:36.128229,AS Saint-…tienne,Toulouse FC,Victoire extÈrieur,100.0,1-2,Over 2.5
2025-05-17 16:03:36.920839,Lille OSC,Stade de Reims,Victoire domicile,100.0,2-1,Over 2.5
2025-05-17 16:03:37.612374,RC Strasbourg Alsace,Le Havre AC,Victoire domicile,100.0,2-1,Over 2.5
2025-05-17 16:03:38.356736,FC Nantes,Montpellier HSC,Victoire domicile,100.0,2-1,Over 2.5
2025-05-17 16:03:38.985059,Racing Club de Lens,AS Monaco FC,Match nul,100.0,1-1,Under 2.5
2025-05-17 16:03:39.603307,Paris Saint-Germain FC,AJ Auxerre,Match nul,100.0,1-1,Under 2.5
2025-05-17 16:07:34.973977,Olympique de Marseille,Stade Rennais FC 1901,Victoire domicile,100.0,2-1,Over 2.5
2025-05-17 16:07:39.767810,Olympique Lyonnais,Angers SCO,Victoire domicile,86.2,2-1,Over 2.5
2025-05-17 16:07:40.678009,OGC Nice,Stade Brestois 29,Victoire domicile,100.0,2-1,Over 2.5
2025-05-17 16:07:41.323499,AS Saint-…tienne,Toulouse FC,Victoire extÈrieur,100.0,1-2,Over 2.5
2025-05-17 16:07:42.027588,Lille OSC,Stade de Reims,Victoire domicile,100.0,2-1,Over 2.5
2025-05-17 16:07:42.720457,RC Strasbourg Alsace,Le Havre AC,Victoire domicile,100.0,2-1,Over 2.5
2025-05-17 16:07:43.469291,FC Nantes,Montpellier HSC,Victoire domicile,100.0,2-1,Over 2.5
2025-05-17 16:07:43.996787,Racing Club de Lens,AS Monaco FC,Match nul,100.0,1-1,Under 2.5
2025-05-17 16:07:44.542256,Paris Saint-Germain FC,AJ Auxerre,Match nul,100.0,1-1,Under 2.5
2025-05-17 16:40:42.612067+00:00,Olympique de Marseille,Stade Rennais FC 1901,Victoire domicile,100.0,2-1,Over 2.5,üèüÔ∏è Pari total buts domicile: Under 1.5,üèüÔ∏è Pari total buts ext√©rieur: Over 1.5
2025-05-17 16:40:44.325847+00:00,Olympique Lyonnais,Angers SCO,Victoire domicile,80.2,2-1,Over 2.5,üèüÔ∏è Pari total buts domicile: Under 1.5,üèüÔ∏è Pari total buts ext√©rieur: Over 1.5
2025-05-17 16:40:44.897854+00:00,OGC Nice,Stade Brestois 29,Victoire domicile,100.0,2-1,Over 2.5,üèüÔ∏è Pari total buts domicile: Under 1.5,üèüÔ∏è Pari total buts ext√©rieur: Over 1.5
2025-05-17 16:40:45.632856+00:00,AS Saint-√âtienne,Toulouse FC,Victoire ext√©rieur,100.0,1-2,Over 2.5,üèüÔ∏è Pari total buts domicile: Over 1.5,üèüÔ∏è Pari total buts ext√©rieur: Under 1.5
2025-05-17 16:40:46.163299+00:00,Lille OSC,Stade de Reims,Victoire domicile,100.0,2-1,Over 2.5,üèüÔ∏è Pari total buts domicile: Under 1.5,üèüÔ∏è Pari total buts ext√©rieur: Over 1.5
2025-05-17 16:40:46.770156+00:00,RC Strasbourg Alsace,Le Havre AC,Victoire domicile,100.0,2-1,Over 2.5,üèüÔ∏è Pari total buts domicile: Under 1.5,üèüÔ∏è Pari total buts ext√©rieur: Over 1.5
2025-05-17 16:40:47.847691+00:00,FC Nantes,Montpellier HSC,Victoire domicile,100.0,2-1,Over 2.5,üèüÔ∏è Pari total buts domicile: Under 1.5,üèüÔ∏è Pari total buts ext√©rieur: Over 1.5
2025-05-17 16:40:49.818891+00:00,Racing Club de Lens,AS Monaco FC,Match nul,100.0,1-1,Under 2.5,üèüÔ∏è Pari total buts domicile: Under 1.5,üèüÔ∏è Pari total buts ext√©rieur: Under 1.5
2025-05-17 16:40:51.517515+00:00,Paris Saint-Germain FC,AJ Auxerre,Match nul,100.0,1-1,Under 2.5,üèüÔ∏è Pari total buts domicile: Under 1.5,üèüÔ∏è Pari total buts ext√©rieur: Under 1.5
2025-05-18 11:48:42.138588+00:00,Olympique de Marseille,Stade Rennais FC 1901,Victoire domicile,100.0,2-1,Over 2.5,üèüÔ∏è Pari total buts domicile: Under 1.5,üèüÔ∏è Pari total buts ext√©rieur: Over 1.5
2025-05-18 11:48:42.722564+00:00,Olympique Lyonnais,Angers SCO,Victoire domicile,100.0,2-1,Over 2.5,üèüÔ∏è Pari total buts domicile: Under 1.5,üèüÔ∏è Pari total buts ext√©rieur: Over 1.5
2025-05-18 11:48:43.456122+00:00,OGC Nice,Stade Brestois 29,Victoire domicile,100.0,2-1,Over 2.5,üèüÔ∏è Pari total buts domicile: Under 1.5,üèüÔ∏è Pari total buts ext√©rieur: Over 1.5
2025-05-18 11:48:45.278773+00:00,AS Saint-√âtienne,Toulouse FC,Victoire ext√©rieur,100.0,1-2,Over 2.5,üèüÔ∏è Pari total buts domicile: Over 1.5,üèüÔ∏è Pari total buts ext√©rieur: Under 1.5
2025-05-18 11:48:46.055881+00:00,Lille OSC,Stade de Reims,Victoire domicile,100.0,2-1,Over 2.5,üèüÔ∏è Pari total buts domicile: Under 1.5,üèüÔ∏è Pari total buts ext√©rieur: Over 1.5
2025-05-18 11:48:46.694112+00:00,RC Strasbourg Alsace,Le Havre AC,Victoire domicile,51.6,2-1,Over 2.5,üèüÔ∏è Pari total buts domicile: Under 1.5,üèüÔ∏è Pari total buts ext√©rieur: Over 1.5
2025-05-18 11:48:47.339696+00:00,FC Nantes,Montpellier HSC,Victoire domicile,100.0,2-1,Over 2.5,üèüÔ∏è Pari total buts domicile: Under 1.5,üèüÔ∏è Pari total buts ext√©rieur: Over 1.5
2025-05-18 11:48:47.869275+00:00,Racing Club de Lens,AS Monaco FC,Victoire domicile,64.0,2-1,Over 2.5,üèüÔ∏è Pari total buts domicile: Under 1.5,üèüÔ∏è Pari total buts ext√©rieur: Over 1.5
2025-05-18 11:48:48.399800+00:00,Paris Saint-Germain FC,AJ Auxerre,Victoire domicile,100.0,2-1,Over 2.5,üèüÔ∏è Pari total buts domicile: Under 1.5,üèüÔ∏è Pari total buts ext√©rieur: Over 1.5
2025-05-18 12:02:07.011754+00:00,Aston Villa FC,Tottenham Hotspur FC,Victoire domicile,73.7,2-1,Over 2.5,üèüÔ∏è Pari total buts domicile: Under 1.5,üèüÔ∏è Pari total buts ext√©rieur: Over 1.5
2025-05-18 12:02:07.659466+00:00,Chelsea FC,Manchester United FC,Victoire domicile,100.0,2-1,Over 2.5,üèüÔ∏è Pari total buts domicile: Under 1.5,üèüÔ∏è Pari total buts ext√©rieur: Over 1.5
2025-05-18 12:02:08.507946+00:00,Everton FC,Southampton FC,Victoire ext√©rieur,77.8,1-2,Over 2.5,üèüÔ∏è Pari total buts domicile: Over 1.5,üèüÔ∏è Pari total buts ext√©rieur: Under 1.5
2025-05-18 12:02:09.305385+00:00,West Ham United FC,Nottingham Forest FC,Victoire ext√©rieur,100.0,1-2,Over 2.5,üèüÔ∏è Pari total buts domicile: Over 1.5,üèüÔ∏è Pari total buts ext√©rieur: Under 1.5
2025-05-18 12:02:09.877527+00:00,Brentford FC,Fulham FC,Victoire ext√©rieur,100.0,1-2,Over 2.5,üèüÔ∏è Pari total buts domicile: Over 1.5,üèüÔ∏è Pari total buts ext√©rieur: Under 1.5
2025-05-18 12:02:10.714625+00:00,Leicester City FC,Ipswich Town FC,Match nul,89.3,1-1,Under 2.5,üèüÔ∏è Pari total buts domicile: Under 1.5,üèüÔ∏è Pari total buts ext√©rieur: Under 1.5
2025-05-18 12:02:11.343488+00:00,Arsenal FC,Newcastle United FC,Victoire ext√©rieur,100.0,1-2,Over 2.5,üèüÔ∏è Pari total buts domicile: Over 1.5,üèüÔ∏è Pari total buts ext√©rieur: Under 1.5
2025-05-18 12:02:11.863831+00:00,Brighton & Hove Albion FC,Liverpool FC,Victoire ext√©rieur,100.0,1-2,Over 2.5,üèüÔ∏è Pari total buts domicile: Over 1.5,üèüÔ∏è Pari total buts ext√©rieur: Under 1.5
2025-05-18 12:02:12.412782+00:00,Crystal Palace FC,Wolverhampton Wanderers FC,Match nul,100.0,1-1,Under 2.5,üèüÔ∏è Pari total buts domicile: Under 1.5,üèüÔ∏è Pari total buts ext√©rieur: Under 1.5
2025-05-18 12:02:12.947243+00:00,Manchester City FC,AFC Bournemouth,Victoire ext√©rieur,100.0,1-2,Over 2.5,üèüÔ∏è Pari total buts domicile: Over 1.5,üèüÔ∏è Pari total buts ext√©rieur: Under 1.5
2025-05-18 12:02:13.467178+00:00,Genoa CFC,Atalanta BC,Victoire ext√©rieur,100.0,1-2,Over 2.5,üèüÔ∏è Pari total buts domicile: Over 1.5,üèüÔ∏è Pari total buts ext√©rieur: Under 1.5
2025-05-18 12:02:14.049727+00:00,Cagliari Calcio,Venezia FC,Victoire ext√©rieur,100.0,1-2,Over 2.5,üèüÔ∏è Pari total buts domicile: Over 1.5,üèüÔ∏è Pari total buts ext√©rieur: Under 1.5
2025-05-18 12:02:14.610636+00:00,ACF Fiorentina,Bologna FC 1909,Victoire ext√©rieur,100.0,1-2,Over 2.5,üèüÔ∏è Pari total buts domicile: Over 1.5,üèüÔ∏è Pari total buts ext√©rieur: Under 1.5
2025-05-18 12:02:15.193487+00:00,Hellas Verona FC,Como 1907,Victoire ext√©rieur,100.0,1-2,Over 2.5,üèüÔ∏è Pari total buts domicile: Over 1.5,üèüÔ∏è Pari total buts ext√©rieur: Under 1.5
2025-05-18 12:02:15.757232+00:00,FC Internazionale Milano,SS Lazio,Victoire domicile,100.0,2-1,Over 2.5,üèüÔ∏è Pari total buts domicile: Under 1.5,üèüÔ∏è Pari total buts ext√©rieur: Over 1.5
2025-05-18 12:02:16.352719+00:00,Juventus FC,Udinese Calcio,Victoire domicile,100.0,2-1,Over 2.5,üèüÔ∏è Pari total buts domicile: Under 1.5,üèüÔ∏è Pari total buts ext√©rieur: Over 1.5
2025-05-18 12:02:16.905127+00:00,US Lecce,Torino FC,Match nul,100.0,1-1,Under 2.5,üèüÔ∏è Pari total buts domicile: Under 1.5,üèüÔ∏è Pari total buts ext√©rieur: Under 1.5
2025-05-18 12:02:17.861829+00:00,AC Monza,Empoli FC,Match nul,85.8,1-1,Under 2.5,üèüÔ∏è Pari total buts domicile: Under 1.5,üèüÔ∏è Pari total buts ext√©rieur: Under 1.5
2025-05-18 12:02:18.577211+00:00,Parma Calcio 1913,SSC Napoli,Victoire ext√©rieur,100.0,1-2,Over 2.5,üèüÔ∏è Pari total buts domicile: Over 1.5,üèüÔ∏è Pari total buts ext√©rieur: Under 1.5
2025-05-18 12:02:19.082360+00:00,AS Roma,AC Milan,Match nul,89.3,1-1,Under 2.5,üèüÔ∏è Pari total buts domicile: Under 1.5,üèüÔ∏è Pari total buts ext√©rieur: Under 1.5
2025-05-18 12:23:14.119316+00:00,Aston Villa FC,Tottenham Hotspur FC,Victoire domicile,60.2,1-1,Under 2.5,üèüÔ∏è Pari total buts domicile: Under 1.5,üèüÔ∏è Pari total buts ext√©rieur: Under 1.5
2025-05-18 12:23:14.707927+00:00,Chelsea FC,Manchester United FC,Victoire domicile,100.0,2-1,Over 2.5,üèüÔ∏è Pari total buts domicile: Over 1.5,üèüÔ∏è Pari total buts ext√©rieur: Under 1.5
2025-05-18 12:23:15.469811+00:00,Everton FC,Southampton FC,Victoire ext√©rieur,70.1,1-1,Under 2.5,üèüÔ∏è Pari total buts domicile: Under 1.5,üèüÔ∏è Pari total buts ext√©rieur: Under 1.5
2025-05-18 12:23:16.937750+00:00,West Ham United FC,Nottingham Forest FC,Victoire ext√©rieur,100.0,1-2,Over 2.5,üèüÔ∏è Pari total buts domicile: Under 1.5,üèüÔ∏è Pari total buts ext√©rieur: Over 1.5
2025-05-18 12:23:17.860655+00:00,Brentford FC,Fulham FC,Victoire ext√©rieur,100.0,1-2,Over 2.5,üèüÔ∏è Pari total buts domicile: Under 1.5,üèüÔ∏è Pari total buts ext√©rieur: Over 1.5
2025-05-18 12:23:18.601742+00:00,Leicester City FC,Ipswich Town FC,Match nul,100.0,1-1,Under 2.5,üèüÔ∏è Pari total buts domicile: Under 1.5,üèüÔ∏è Pari total buts ext√©rieur: Under 1.5
2025-05-18 12:23:19.906051+00:00,Arsenal FC,Newcastle United FC,Victoire ext√©rieur,100.0,1-2,Over 2.5,üèüÔ∏è Pari total buts domicile: Under 1.5,üèüÔ∏è Pari total buts ext√©rieur: Over 1.5
2025-05-18 12:23:20.686856+00:00,Brighton & Hove Albion FC,Liverpool FC,Victoire ext√©rieur,100.0,1-2,Over 2.5,üèüÔ∏è Pari total buts domicile: Under 1.5,üèüÔ∏è Pari total buts ext√©rieur: Over 1.5
2025-05-18 12:23:21.612561+00:00,Crystal Palace FC,Wolverhampton Wanderers FC,Match nul,100.0,1-1,Under 2.5,üèüÔ∏è Pari total buts domicile: Under 1.5,üèüÔ∏è Pari total buts ext√©rieur: Under 1.5
2025-05-18 12:23:22.260545+00:00,Manchester City FC,AFC Bournemouth,Victoire ext√©rieur,100.0,1-2,Over 2.5,üèüÔ∏è Pari total buts domicile: Under 1.5,üèüÔ∏è Pari total buts ext√©rieur: Over 1.5
2025-05-18 12:23:22.929755+00:00,Genoa CFC,Atalanta BC,Victoire ext√©rieur,100.0,1-2,Over 2.5,üèüÔ∏è Pari total buts domicile: Under 1.5,üèüÔ∏è Pari total buts ext√©rieur: Over 1.5
2025-05-18 12:23:23.653143+00:00,Cagliari Calcio,Venezia FC,Victoire ext√©rieur,100.0,1-2,Over 2.5,üèüÔ∏è Pari total buts domicile: Under 1.5,üèüÔ∏è Pari total buts ext√©rieur: Over 1.5
2025-05-18 12:23:24.320825+00:00,ACF Fiorentina,Bologna FC 1909,Victoire ext√©rieur,100.0,1-2,Over 2.5,üèüÔ∏è Pari total buts domicile: Under 1.5,üèüÔ∏è Pari total buts ext√©rieur: Over 1.5
2025-05-18 12:23:25.015567+00:00,Hellas Verona FC,Como 1907,Victoire ext√©rieur,100.0,1-2,Over 2.5,üèüÔ∏è Pari total buts domicile: Under 1.5,üèüÔ∏è Pari total buts ext√©rieur: Over 1.5
2025-05-18 12:23:25.559460+00:00,FC Internazionale Milano,SS Lazio,Victoire domicile,100.0,2-1,Over 2.5,üèüÔ∏è Pari total buts domicile: Over 1.5,üèüÔ∏è Pari total buts ext√©rieur: Under 1.5
2025-05-18 12:23:26.256566+00:00,Juventus FC,Udinese Calcio,Victoire domicile,100.0,2-1,Over 2.5,üèüÔ∏è Pari total buts domicile: Over 1.5,üèüÔ∏è Pari total buts ext√©rieur: Under 1.5
2025-05-18 12:23:26.816845+00:00,US Lecce,Torino FC,Match nul,100.0,1-1,Under 2.5,üèüÔ∏è Pari total buts domicile: Under 1.5,üèüÔ∏è Pari total buts ext√©rieur: Under 1.5
2025-05-18 12:23:27.424988+00:00,AC Monza,Empoli FC,Match nul,78.1,1-1,Under 2.5,üèüÔ∏è Pari total buts domicile: Under 1.5,üèüÔ∏è Pari total buts ext√©rieur: Under 1.5
2025-05-18 12:23:27.962918+00:00,Parma Calcio 1913,SSC Napoli,Victoire ext√©rieur,100.0,1-2,Over 2.5,üèüÔ∏è Pari total buts domicile: Under 1.5,üèüÔ∏è Pari total buts ext√©rieur: Over 1.5
2025-05-18 12:23:28.445197+00:00,AS Roma,AC Milan,Match nul,86.7,1-1,Under 2.5,üèüÔ∏è Pari total buts domicile: Under 1.5,üèüÔ∏è Pari total buts ext√©rieur: Under 1.5
2025-05-18 13:00:02.401886+00:00,Aston Villa FC,Tottenham Hotspur FC,Victoire domicile,63.6,2-1,Over 2.5,üè† Pari total buts domicile: Over 1.5,üèÉ Pari total buts ext√©rieur: Under 1.5
2025-05-18 13:00:02.976141+00:00,Chelsea FC,Manchester United FC,Victoire domicile,95.6,2-1,Over 2.5,üè† Pari total buts domicile: Over 1.5,üèÉ Pari total buts ext√©rieur: Under 1.5
2025-05-18 13:00:03.913329+00:00,Everton FC,Southampton FC,Victoire ext√©rieur,47.5,1-1,Under 2.5,üè† Pari total buts domicile: Under 1.5,üèÉ Pari total buts ext√©rieur: Under 1.5
2025-05-18 13:00:04.620804+00:00,West Ham United FC,Nottingham Forest FC,Victoire ext√©rieur,100.0,1-2,Over 2.5,üè† Pari total buts domicile: Under 1.5,üèÉ Pari total buts ext√©rieur: Over 1.5
2025-05-18 13:00:05.498061+00:00,Brentford FC,Fulham FC,Victoire ext√©rieur,100.0,1-2,Over 2.5,üè† Pari total buts domicile: Under 1.5,üèÉ Pari total buts ext√©rieur: Over 1.5
2025-05-18 13:00:06.093254+00:00,Leicester City FC,Ipswich Town FC,Match nul,100.0,1-1,Under 2.5,üè† Pari total buts domicile: Under 1.5,üèÉ Pari total buts ext√©rieur: Under 1.5
2025-05-18 13:00:06.688326+00:00,Arsenal FC,Newcastle United FC,Victoire ext√©rieur,100.0,1-2,Over 2.5,üè† Pari total buts domicile: Under 1.5,üèÉ Pari total buts ext√©rieur: Over 1.5
2025-05-18 13:00:07.243446+00:00,Brighton & Hove Albion FC,Liverpool FC,Victoire ext√©rieur,100.0,1-2,Over 2.5,üè† Pari total buts domicile: Under 1.5,üèÉ Pari total buts ext√©rieur: Over 1.5
2025-05-18 13:00:07.821365+00:00,Crystal Palace FC,Wolverhampton Wanderers FC,Match nul,100.0,1-1,Under 2.5,üè† Pari total buts domicile: Under 1.5,üèÉ Pari total buts ext√©rieur: Under 1.5
2025-05-18 13:00:08.402100+00:00,Manchester City FC,AFC Bournemouth,Victoire ext√©rieur,100.0,1-2,Over 2.5,üè† Pari total buts domicile: Under 1.5,üèÉ Pari total buts ext√©rieur: Over 1.5
2025-05-18 13:00:08.962620+00:00,Genoa CFC,Atalanta BC,Victoire ext√©rieur,100.0,1-2,Over 2.5,üè† Pari total buts domicile: Under 1.5,üèÉ Pari total buts ext√©rieur: Over 1.5
2025-05-18 13:00:09.513442+00:00,Cagliari Calcio,Venezia FC,Victoire ext√©rieur,100.0,1-2,Over 2.5,üè† Pari total buts domicile: Under 1.5,üèÉ Pari total buts ext√©rieur: Over 1.5
2025-05-18 13:00:10.134157+00:00,ACF Fiorentina,Bologna FC 1909,Victoire ext√©rieur,100.0,1-2,Over 2.5,üè† Pari total buts domicile: Under 1.5,üèÉ Pari total buts ext√©rieur: Over 1.5
2025-05-18 13:00:10.744326+00:00,Hellas Verona FC,Como 1907,Victoire ext√©rieur,100.0,1-2,Over 2.5,üè† Pari total buts domicile: Under 1.5,üèÉ Pari total buts ext√©rieur: Over 1.5
2025-05-18 13:00:11.265501+00:00,FC Internazionale Milano,SS Lazio,Victoire domicile,100.0,2-1,Over 2.5,üè† Pari total buts domicile: Over 1.5,üèÉ Pari total buts ext√©rieur: Under 1.5
2025-05-18 13:00:11.850939+00:00,Juventus FC,Udinese Calcio,Victoire domicile,100.0,2-1,Over 2.5,üè† Pari total buts domicile: Over 1.5,üèÉ Pari total buts ext√©rieur: Under 1.5
2025-05-18 13:00:12.490939+00:00,US Lecce,Torino FC,Match nul,100.0,1-1,Under 2.5,üè† Pari total buts domicile: Under 1.5,üèÉ Pari total buts ext√©rieur: Under 1.5
2025-05-18 13:00:13.296425+00:00,AC Monza,Empoli FC,Match nul,73.7,1-1,Under 2.5,üè† Pari total buts domicile: Under 1.5,üèÉ Pari total buts ext√©rieur: Under 1.5
2025-05-18 13:00:13.844239+00:00,Parma Calcio 1913,SSC Napoli,Victoire ext√©rieur,100.0,1-2,Over 2.5,üè† Pari total buts domicile: Under 1.5,üèÉ Pari total buts ext√©rieur: Over 1.5
2025-05-18 13:00:14.420907+00:00,AS Roma,AC Milan,Match nul,87.0,1-1,Under 2.5,üè† Pari total buts domicile: Under 1.5,üèÉ Pari total buts ext√©rieur: Under 1.5
2025-05-18 13:03:43.908843+00:00,Club Atl√©tico de Madrid,Real Betis Balompi√©,Victoire ext√©rieur,75.0,1-2,Over 2.5,üè† Pari total buts domicile: Under 1.5,üèÉ Pari total buts ext√©rieur: Over 1.5
2025-05-18 13:03:44.416568+00:00,RC Celta de Vigo,Rayo Vallecano de Madrid,Victoire ext√©rieur,100.0,1-2,Over 2.5,üè† Pari total buts domicile: Under 1.5,üèÉ Pari total buts ext√©rieur: Over 1.5
2025-05-18 13:03:44.971233+00:00,FC Barcelona,Villarreal CF,Victoire domicile,100.0,2-1,Over 2.5,üè† Pari total buts domicile: Over 1.5,üèÉ Pari total buts ext√©rieur: Under 1.5
2025-05-18 13:03:45.491429+00:00,Sevilla FC,Real Madrid CF,Victoire ext√©rieur,100.0,1-2,Over 2.5,üè† Pari total buts domicile: Under 1.5,üèÉ Pari total buts ext√©rieur: Over 1.5
2025-05-18 13:03:46.026970+00:00,Valencia CF,Athletic Club,Victoire ext√©rieur,100.0,1-2,Over 2.5,üè† Pari total buts domicile: Under 1.5,üèÉ Pari total buts ext√©rieur: Over 1.5
2025-05-18 13:03:46.567355+00:00,RCD Mallorca,Getafe CF,Victoire domicile,100.0,2-1,Over 2.5,üè† Pari total buts domicile: Over 1.5,üèÉ Pari total buts ext√©rieur: Under 1.5
2025-05-18 13:03:47.057056+00:00,Real Sociedad de F√∫tbol,Girona FC,Victoire domicile,100.0,2-1,Over 2.5,üè† Pari total buts domicile: Over 1.5,üèÉ Pari total buts ext√©rieur: Under 1.5
2025-05-18 13:03:47.556426+00:00,Real Valladolid CF,Deportivo Alav√©s,Victoire domicile,100.0,2-1,Over 2.5,üè† Pari total buts domicile: Over 1.5,üèÉ Pari total buts ext√©rieur: Under 1.5
2025-05-18 13:03:48.043072+00:00,UD Las Palmas,CD Legan√©s,Victoire ext√©rieur,100.0,1-2,Over 2.5,üè† Pari total buts domicile: Under 1.5,üèÉ Pari total buts ext√©rieur: Over 1.5
2025-05-18 13:03:48.574134+00:00,CA Osasuna,RCD Espanyol de Barcelona,Match nul,96.8,1-1,Under 2.5,üè† Pari total buts domicile: Under 1.5,üèÉ Pari total buts ext√©rieur: Under 1.5
2025-05-18 13:03:49.084311+00:00,Genoa CFC,Atalanta BC,Victoire ext√©rieur,100.0,1-2,Over 2.5,üè† Pari total buts domicile: Under 1.5,üèÉ Pari total buts ext√©rieur: Over 1.5
2025-05-18 13:03:49.807583+00:00,Cagliari Calcio,Venezia FC,Victoire ext√©rieur,100.0,1-2,Over 2.5,üè† Pari total buts domicile: Under 1.5,üèÉ Pari total buts ext√©rieur: Over 1.5
2025-05-18 13:03:50.393288+00:00,ACF Fiorentina,Bologna FC 1909,Victoire ext√©rieur,75.0,1-2,Over 2.5,üè† Pari total buts domicile: Under 1.5,üèÉ Pari total buts ext√©rieur: Over 1.5
2025-05-18 13:03:50.870615+00:00,Hellas Verona FC,Como 1907,Victoire ext√©rieur,100.0,1-2,Over 2.5,üè† Pari total buts domicile: Under 1.5,üèÉ Pari total buts ext√©rieur: Over 1.5
2025-05-18 13:03:51.431307+00:00,FC Internazionale Milano,SS Lazio,Victoire domicile,100.0,2-1,Over 2.5,üè† Pari total buts domicile: Over 1.5,üèÉ Pari total buts ext√©rieur: Under 1.5
2025-05-18 13:03:51.932946+00:00,Juventus FC,Udinese Calcio,Victoire domicile,100.0,2-1,Over 2.5,üè† Pari total buts domicile: Over 1.5,üèÉ Pari total buts ext√©rieur: Under 1.5
2025-05-18 13:03:52.712889+00:00,US Lecce,Torino FC,Match nul,100.0,1-1,Under 2.5,üè† Pari total buts domicile: Under 1.5,üèÉ Pari total buts ext√©rieur: Under 1.5
2025-05-18 13:03:53.545552+00:00,AC Monza,Empoli FC,Match nul,100.0,1-1,Under 2.5,üè† Pari total buts domicile: Under 1.5,üèÉ Pari total buts ext√©rieur: Under 1.5
2025-05-18 13:03:54.069850+00:00,Parma Calcio 1913,SSC Napoli,Victoire ext√©rieur,100.0,1-2,Over 2.5,üè† Pari total buts domicile: Under 1.5,üèÉ Pari total buts ext√©rieur: Over 1.5
2025-05-18 13:03:54.545697+00:00,AS Roma,AC Milan,Match nul,100.0,1-1,Under 2.5,üè† Pari total buts domicile: Under 1.5,üèÉ Pari total buts ext√©rieur: Under 1.5
2025-05-23 16:03:14.348152+00:00,Real Betis Balompi√©,Valencia CF,Victoire ext√©rieur,46.2,1-1,Under 2.5,üè† Pari total buts domicile: Under 1.5,üèÉ Pari total buts ext√©rieur: Under 1.5
2025-05-23 16:03:15.754067+00:00,Real Madrid CF,Real Sociedad de F√∫tbol,Victoire domicile,100.0,2-1,Over 2.5,üè† Pari total buts domicile: Over 1.5,üèÉ Pari total buts ext√©rieur: Under 1.5
2025-05-23 16:03:16.561329+00:00,CD Legan√©s,Real Valladolid CF,Match nul,62.1,1-1,Under 2.5,üè† Pari total buts domicile: Under 1.5,üèÉ Pari total buts ext√©rieur: Under 1.5
2025-05-23 16:03:17.551603+00:00,RCD Espanyol de Barcelona,UD Las Palmas,Victoire ext√©rieur,100.0,1-2,Over 2.5,üè† Pari total buts domicile: Under 1.5,üèÉ Pari total buts ext√©rieur: Over 1.5
2025-05-23 16:03:18.818219+00:00,Deportivo Alav√©s,CA Osasuna,Match nul,100.0,1-1,Under 2.5,üè† Pari total buts domicile: Under 1.5,üèÉ Pari total buts ext√©rieur: Under 1.5
2025-05-23 16:03:19.446536+00:00,Getafe CF,RC Celta de Vigo,Victoire ext√©rieur,60.0,1-1,Under 2.5,üè† Pari total buts domicile: Under 1.5,üèÉ Pari total buts ext√©rieur: Under 1.5
2025-05-23 16:03:20.585046+00:00,Rayo Vallecano de Madrid,RCD Mallorca,Victoire ext√©rieur,100.0,1-2,Over 2.5,üè† Pari total buts domicile: Under 1.5,üèÉ Pari total buts ext√©rieur: Over 1.5
2025-05-23 16:03:21.192817+00:00,Girona FC,Club Atl√©tico de Madrid,Victoire ext√©rieur,46.2,1-1,Under 2.5,üè† Pari total buts domicile: Under 1.5,üèÉ Pari total buts ext√©rieur: Under 1.5
2025-05-23 16:03:21.922368+00:00,Villarreal CF,Sevilla FC,Victoire domicile,100.0,2-1,Over 2.5,üè† Pari total buts domicile: Over 1.5,üèÉ Pari total buts ext√©rieur: Under 1.5
2025-05-23 16:03:22.592740+00:00,Athletic Club,FC Barcelona,Victoire ext√©rieur,100.0,1-2,Over 2.5,üè† Pari total buts domicile: Under 1.5,üèÉ Pari total buts ext√©rieur: Over 1.5
2025-05-23 16:03:23.649544+00:00,Como 1907,FC Internazionale Milano,Victoire ext√©rieur,100.0,1-2,Over 2.5,üè† Pari total buts domicile: Under 1.5,üèÉ Pari total buts ext√©rieur: Over 1.5
2025-05-23 16:03:24.214289+00:00,SSC Napoli,Cagliari Calcio,Victoire domicile,100.0,2-1,Over 2.5,üè† Pari total buts domicile: Over 1.5,üèÉ Pari total buts ext√©rieur: Under 1.5
2025-05-23 16:03:25.353949+00:00,Bologna FC 1909,Genoa CFC,Match nul,100.0,1-1,Under 2.5,üè† Pari total buts domicile: Under 1.5,üèÉ Pari total buts ext√©rieur: Under 1.5
2025-05-23 16:03:26.024006+00:00,AC Milan,AC Monza,Victoire domicile,100.0,2-1,Over 2.5,üè† Pari total buts domicile: Over 1.5,üèÉ Pari total buts ext√©rieur: Under 1.5
2025-05-23 16:03:26.775990+00:00,Atalanta BC,Parma Calcio 1913,Victoire domicile,100.0,2-1,Over 2.5,üè† Pari total buts domicile: Over 1.5,üèÉ Pari total buts ext√©rieur: Under 1.5
2025-05-23 16:03:27.362193+00:00,Empoli FC,Hellas Verona FC,Victoire domicile,100.0,2-1,Over 2.5,üè† Pari total buts domicile: Over 1.5,üèÉ Pari total buts ext√©rieur: Under 1.5
2025-05-23 16:03:27.939698+00:00,SS Lazio,US Lecce,Victoire domicile,100.0,2-1,Over 2.5,üè† Pari total buts domicile: Over 1.5,üèÉ Pari total buts ext√©rieur: Under 1.5
2025-05-23 16:03:28.663165+00:00,Torino FC,AS Roma,Victoire ext√©rieur,45.1,1-1,Under 2.5,üè† Pari total buts domicile: Under 1.5,üèÉ Pari total buts ext√©rieur: Under 1.5
2025-05-23 16:03:29.546440+00:00,Udinese Calcio,ACF Fiorentina,Victoire domicile,100.0,2-1,Over 2.5,üè† Pari total buts domicile: Over 1.5,üèÉ Pari total buts ext√©rieur: Under 1.5
2025-05-23 16:03:30.192667+00:00,Venezia FC,Juventus FC,Match nul,100.0,1-1,Under 2.5,üè† Pari total buts domicile: Under 1.5,üèÉ Pari total buts ext√©rieur: Under 1.5
